Energy,Battery,Outage,SleepCycle,SleepDuration,Delay,Policy,Avg_AoI,Peak_AoI,Variance
0.2,3,0,10,2,1,RL,4.08,13,10.1536
0.2,3,0,10,2,1,Greedy,4.74,15,13.4724
0.2,3,0,10,2,1,Periodic,4.34,14,11.584399999999999
0.2,3,0,10,2,1,RL,3.92,10,5.9136
0.2,3,0,10,2,1,Greedy,3.76,12,8.462399999999999
0.2,3,0,10,2,1,Periodic,3.46,10,6.048399999999999
0.2,3,0,10,2,1,RL,2.94,9,4.5363999999999995
0.2,3,0,10,2,1,Greedy,3.1,10,4.65
0.2,3,0,10,2,1,Periodic,8.22,25,52.211600000000004
0.2,3,0,10,2,1,RL,3.88,10,5.9056
0.2,3,0,10,2,1,Greedy,3.56,10,6.0864
0.2,3,0,10,2,1,Periodic,3.14,8,4.000399999999999
0.2,3,0,10,2,1,RL,3.8,11,6.96
0.2,3,0,10,2,1,Greedy,4.22,14,10.8916
0.2,3,0,10,2,1,Periodic,2.9,8,3.37
0.2,3,0,10,2,1,RL,3.96,13,8.478399999999999
0.2,3,0,10,2,1,Greedy,4.6,11,7.880000000000001
0.2,3,0,10,2,1,Periodic,2.78,8,3.0916
0.2,3,0,10,2,1,RL,4.56,15,13.0464
0.2,3,0,10,2,1,Greedy,4.06,12,8.336400000000001
0.2,3,0,10,2,1,Periodic,3.3,8,3.5299999999999994
0.2,3,0,10,2,1,RL,3.3,9,3.7699999999999996
0.2,3,0,10,2,1,Greedy,3.64,10,5.990399999999999
0.2,3,0,10,2,1,Periodic,3.02,10,4.8196
0.2,3,0,10,2,1,RL,3.16,10,5.134399999999999
0.2,3,0,10,2,1,Greedy,4.2,11,7.399999999999999
0.2,3,0,10,2,1,Periodic,5.54,14,14.208400000000001
0.2,3,0,10,2,1,RL,3.82,10,6.1076
0.2,3,0,10,2,1,Greedy,13.44,35,120.44640000000001
0.2,3,0,10,2,1,Periodic,2.94,10,4.896400000000001
0.2,3,0,10,2,2,RL,8.5,25,49.25
0.2,3,0,10,2,2,Greedy,4.6,12,9.16
0.2,3,0,10,2,2,Periodic,5.9,20,29.05
0.2,3,0,10,2,2,RL,3.96,10,7.0384
0.2,3,0,10,2,2,Greedy,6.8,20,27.76
0.2,3,0,10,2,2,Periodic,3.74,10,6.1124
0.2,3,0,10,2,2,RL,4.94,17,18.4964
0.2,3,0,10,2,2,Greedy,3.82,10,6.3876
0.2,3,0,10,2,2,Periodic,4.38,14,11.1556
0.2,3,0,10,2,2,RL,3.2,10,5.039999999999999
0.2,3,0,10,2,2,Greedy,4.32,10,7.1776
0.2,3,0,10,2,2,Periodic,3.82,10,6.8675999999999995
0.2,3,0,10,2,2,RL,3.98,15,13.739599999999998
0.2,3,0,10,2,2,Greedy,4.5,12,9.45
0.2,3,0,10,2,2,Periodic,3.34,10,5.0244
0.2,3,0,10,2,2,RL,5.76,15,19.5424
0.2,3,0,10,2,2,Greedy,4.94,12,10.4164
0.2,3,0,10,2,2,Periodic,3.82,10,6.8675999999999995
0.2,3,0,10,2,2,RL,3.62,10,6.515600000000001
0.2,3,0,10,2,2,Greedy,7.46,20,26.968399999999995
0.2,3,0,10,2,2,Periodic,8.86,26,55.8404
0.2,3,0,10,2,2,RL,4.2,11,7.92
0.2,3,0,10,2,2,Greedy,7.04,19,27.478400000000008
0.2,3,0,10,2,2,Periodic,4.86,12,10.4004
0.2,3,0,10,2,2,RL,2.92,8,3.433599999999999
0.2,3,0,10,2,2,Greedy,6.96,22,37.1984
0.2,3,0,10,2,2,Periodic,3.66,12,7.584400000000001
0.2,3,0,10,2,2,RL,3.98,13,9.2596
0.2,3,0,10,2,2,Greedy,5.62,17,19.0756
0.2,3,0,10,2,2,Periodic,8.38,26,58.83559999999999
0.2,3,0,10,2,3,RL,4.82,17,18.8676
0.2,3,0,10,2,3,Greedy,5.8,19,26.239999999999995
0.2,3,0,10,2,3,Periodic,5.0,16,15.68
0.2,3,0,10,2,3,RL,7.14,22,36.0404
0.2,3,0,10,2,3,Greedy,4.22,11,8.5316
0.2,3,0,10,2,3,Periodic,4.44,12,9.0464
0.2,3,0,10,2,3,RL,2.88,8,3.2256
0.2,3,0,10,2,3,Greedy,3.96,12,8.2784
0.2,3,0,10,2,3,Periodic,2.88,6,2.7055999999999996
0.2,3,0,10,2,3,RL,3.42,12,7.843600000000001
0.2,3,0,10,2,3,Greedy,3.48,11,6.6895999999999995
0.2,3,0,10,2,3,Periodic,5.44,14,12.286399999999997
0.2,3,0,10,2,3,RL,3.86,12,7.840400000000001
0.2,3,0,10,2,3,Greedy,3.96,10,6.838399999999999
0.2,3,0,10,2,3,Periodic,3.64,9,5.2703999999999995
0.2,3,0,10,2,3,RL,4.48,11,9.1296
0.2,3,0,10,2,3,Greedy,5.12,16,15.785600000000002
0.2,3,0,10,2,3,Periodic,5.08,18,22.4736
0.2,3,0,10,2,3,RL,2.68,7,2.9376000000000007
0.2,3,0,10,2,3,Greedy,4.66,14,12.7044
0.2,3,0,10,2,3,Periodic,4.44,12,9.046399999999998
0.2,3,0,10,2,3,RL,5.34,16,18.3044
0.2,3,0,10,2,3,Greedy,3.6,9,6.04
0.2,3,0,10,2,3,Periodic,8.44,26,59.1264
0.2,3,0,10,2,3,RL,5.84,18,22.0544
0.2,3,0,10,2,3,Greedy,8.3,25,51.650000000000006
0.2,3,0,10,2,3,Periodic,3.4,8,4.959999999999999
0.2,3,0,10,2,3,RL,3.56,13,9.1664
0.2,3,0,10,2,3,Greedy,5.84,20,29.4944
0.2,3,0,10,2,3,Periodic,4.12,13,9.4656
0.2,3,0,10,4,1,RL,3.1,7,3.01
0.2,3,0,10,4,1,Greedy,5.22,16,15.5716
0.2,3,0,10,4,1,Periodic,4.1,10,6.97
0.2,3,0,10,4,1,RL,4.5,11,7.65
0.2,3,0,10,4,1,Greedy,6.14,20,27.880399999999995
0.2,3,0,10,4,1,Periodic,3.34,10,5.0244
0.2,3,0,10,4,1,RL,2.82,7,2.4675999999999996
0.2,3,0,10,4,1,Greedy,4.66,10,7.544400000000001
0.2,3,0,10,4,1,Periodic,5.94,20,28.7364
0.2,3,0,10,4,1,RL,4.34,10,7.064400000000001
0.2,3,0,10,4,1,Greedy,6.94,21,30.576399999999992
0.2,3,0,10,4,1,Periodic,3.74,10,6.1124
0.2,3,0,10,4,1,RL,5.76,17,17.1024
0.2,3,0,10,4,1,Greedy,6.48,20,27.4896
0.2,3,0,10,4,1,Periodic,2.7,6,2.81
0.2,3,0,10,4,1,RL,4.92,10,7.7536000000000005
0.2,3,0,10,4,1,Greedy,5.52,17,19.129599999999996
0.2,3,0,10,4,1,Periodic,8.54,25,49.08839999999999
0.2,3,0,10,4,1,RL,3.68,11,6.1376
0.2,3,0,10,4,1,Greedy,3.6,10,6.4
0.2,3,0,10,4,1,Periodic,4.1,10,6.97
0.2,3,0,10,4,1,RL,5.14,15,13.360400000000002
0.2,3,0,10,4,1,Greedy,6.92,20,25.8336
0.2,3,0,10,4,1,Periodic,3.58,10,5.523600000000001
0.2,3,0,10,4,1,RL,3.34,8,4.5844
0.2,3,0,10,4,1,Greedy,7.54,18,30.008400000000005
0.2,3,0,10,4,1,Periodic,3.98,10,6.499599999999999
0.2,3,0,10,4,1,RL,3.98,10,5.739599999999999
0.2,3,0,10,4,1,Greedy,4.82,13,10.4276
0.2,3,0,10,4,1,Periodic,3.1,8,3.5300000000000007
0.2,3,0,10,4,2,RL,3.2,8,4.16
0.2,3,0,10,4,2,Greedy,4.2,10,7.6
0.2,3,0,10,4,2,Periodic,6.54,20,27.168400000000002
0.2,3,0,10,4,2,RL,3.32,10,5.4976
0.2,3,0,10,4,2,Greedy,5.96,18,21.438399999999998
0.2,3,0,10,4,2,Periodic,4.54,10,7.3284
0.2,3,0,10,4,2,RL,5.72,16,17.9216
0.2,3,0,10,4,2,Greedy,5.46,17,19.3684
0.2,3,0,10,4,2,Periodic,4.22,10,6.611599999999999
0.2,3,0,10,4,2,RL,4.92,14,11.9536
0.2,3,0,10,4,2,Greedy,4.5,10,7.85
0.2,3,0,10,4,2,Periodic,4.22,10,6.611599999999999
0.2,3,0,10,4,2,RL,4.8,13,9.84
0.2,3,0,10,4,2,Greedy,4.68,11,8.217600000000001
0.2,3,0,10,4,2,Periodic,3.9,8,5.690000000000001
0.2,3,0,10,4,2,RL,4.38,12,8.675600000000001
0.2,3,0,10,4,2,Greedy,3.74,10,6.4724
0.2,3,0,10,4,2,Periodic,4.86,10,7.840400000000001
0.2,3,0,10,4,2,RL,3.0,9,3.76
0.2,3,0,10,4,2,Greedy,4.68,11,8.217600000000001
0.2,3,0,10,4,2,Periodic,3.9,8,5.690000000000001
0.2,3,0,10,4,2,RL,3.88,12,7.5856
0.2,3,0,10,4,2,Greedy,6.2,20,28.8
0.2,3,0,10,4,2,Periodic,3.9,8,5.690000000000001
0.2,3,0,10,4,2,RL,4.12,12,7.8256
0.2,3,0,10,4,2,Greedy,4.52,10,7.7296000000000005
0.2,3,0,10,4,2,Periodic,6.14,18,20.6404
0.2,3,0,10,4,2,RL,3.2,9,4.039999999999999
0.2,3,0,10,4,2,Greedy,4.16,10,7.2143999999999995
0.2,3,0,10,4,2,Periodic,10.86,30,79.5204
0.2,3,0,10,4,3,RL,3.4,10,5.759999999999999
0.2,3,0,10,4,3,Greedy,4.62,10,7.635599999999999
0.2,3,0,10,4,3,Periodic,3.88,8,5.7856000000000005
0.2,3,0,10,4,3,RL,3.24,8,4.7424
0.2,3,0,10,4,3,Greedy,4.3,10,7.29
0.2,3,0,10,4,3,Periodic,4.2,10,6.7200000000000015
0.2,3,0,10,4,3,RL,5.56,15,17.7264
0.2,3,0,10,4,3,Greedy,4.5,11,7.93
0.2,3,0,10,4,3,Periodic,3.88,8,5.7856000000000005
0.2,3,0,10,4,3,RL,4.52,12,9.1696
0.2,3,0,10,4,3,Greedy,9.68,28,68.85759999999999
0.2,3,0,10,4,3,Periodic,3.88,8,5.7856000000000005
0.2,3,0,10,4,3,RL,3.78,10,6.9316
0.2,3,0,10,4,3,Greedy,4.84,11,8.334399999999999
0.2,3,0,10,4,3,Periodic,3.88,8,5.7856000000000005
0.2,3,0,10,4,3,RL,4.3,13,9.93
0.2,3,0,10,4,3,Greedy,4.12,9,6.825599999999998
0.2,3,0,10,4,3,Periodic,7.16,20,25.654399999999995
0.2,3,0,10,4,3,RL,4.14,12,8.2404
0.2,3,0,10,4,3,Greedy,6.48,20,27.7696
0.2,3,0,10,4,3,Periodic,4.36,10,6.950399999999999
0.2,3,0,10,4,3,RL,2.8,6,2.56
0.2,3,0,10,4,3,Greedy,5.74,18,21.632400000000004
0.2,3,0,10,4,3,Periodic,4.2,10,6.7200000000000015
0.2,3,0,10,4,3,RL,3.56,10,6.166400000000001
0.2,3,0,10,4,3,Greedy,4.3,10,7.290000000000001
0.2,3,0,10,4,3,Periodic,4.52,10,7.4496
0.2,3,0,10,4,3,RL,3.58,9,5.8836
0.2,3,0,10,4,3,Greedy,6.48,20,27.7696
0.2,3,0,10,4,3,Periodic,3.88,8,5.7856000000000005
0.2,3,5,10,2,1,RL,4.02,14,11.179600000000002
0.2,3,5,10,2,1,Greedy,3.66,10,5.864400000000001
0.2,3,5,10,2,1,Periodic,11.78,32,95.57159999999998
0.2,3,5,10,2,1,RL,5.62,14,11.595600000000001
0.2,3,5,10,2,1,Greedy,5.16,13,10.1344
0.2,3,5,10,2,1,Periodic,7.22,20,25.4916
0.2,3,5,10,2,1,RL,3.28,10,4.361600000000001
0.2,3,5,10,2,1,Greedy,4.5,16,15.89
0.2,3,5,10,2,1,Periodic,11.34,30,75.1844
0.2,3,5,10,2,1,RL,4.0,11,6.32
0.2,3,5,10,2,1,Greedy,3.5,9,4.73
0.2,3,5,10,2,1,Periodic,8.62,24,43.075599999999994
0.2,3,5,10,2,1,RL,3.64,9,5.150399999999999
0.2,3,5,10,2,1,Greedy,3.28,9,4.921600000000001
0.2,3,5,10,2,1,Periodic,4.46,12,8.6084
0.2,3,5,10,2,1,RL,6.02,15,16.299599999999998
0.2,3,5,10,2,1,Greedy,7.06,21,30.2964
0.2,3,5,10,2,1,Periodic,5.42,16,17.0436
0.2,3,5,10,2,1,RL,3.94,11,6.176400000000001
0.2,3,5,10,2,1,Greedy,7.04,19,24.718400000000003
0.2,3,5,10,2,1,Periodic,5.9,18,21.129999999999995
0.2,3,5,10,2,1,RL,8.28,22,33.961600000000004
0.2,3,5,10,2,1,Greedy,6.1,19,25.089999999999996
0.2,3,5,10,2,1,Periodic,4.94,12,11.2964
0.2,3,5,10,2,1,RL,4.84,15,13.9344
0.2,3,5,10,2,1,Greedy,5.2,15,12.76
0.2,3,5,10,2,1,Periodic,4.7,13,11.69
0.2,3,5,10,2,1,RL,6.48,19,23.2496
0.2,3,5,10,2,1,Greedy,8.32,26,59.2976
0.2,3,5,10,2,1,Periodic,3.82,12,7.5876
0.2,3,5,10,2,2,RL,5.14,12,11.000399999999999
0.2,3,5,10,2,2,Greedy,5.9,18,23.29
0.2,3,5,10,2,2,Periodic,4.78,14,11.4116
0.2,3,5,10,2,2,RL,4.66,15,13.144400000000003
0.2,3,5,10,2,2,Greedy,5.3,13,10.609999999999998
0.2,3,5,10,2,2,Periodic,6.46,20,27.808400000000002
0.2,3,5,10,2,2,RL,4.86,14,12.1204
0.2,3,5,10,2,2,Greedy,8.06,23,38.0564
0.2,3,5,10,2,2,Periodic,4.78,14,11.411599999999998
0.2,3,5,10,2,2,RL,6.0,18,20.68
0.2,3,5,10,2,2,Greedy,4.26,12,9.3124
0.2,3,5,10,2,2,Periodic,3.66,10,5.3444
0.2,3,5,10,2,2,RL,4.06,11,7.256400000000001
0.2,3,5,10,2,2,Greedy,4.3,10,6.97
0.2,3,5,10,2,2,Periodic,3.9,10,6.65
0.2,3,5,10,2,2,RL,5.98,14,16.1396
0.2,3,5,10,2,2,Greedy,10.42,30,84.4436
0.2,3,5,10,2,2,Periodic,7.1,18,21.69
0.2,3,5,10,2,2,RL,3.8,12,8.239999999999998
0.2,3,5,10,2,2,Greedy,6.42,21,32.723600000000005
0.2,3,5,10,2,2,Periodic,9.1,22,37.690000000000005
0.2,3,5,10,2,2,RL,5.82,17,21.227600000000002
0.2,3,5,10,2,2,Greedy,4.86,12,9.6804
0.2,3,5,10,2,2,Periodic,5.58,16,16.723599999999998
0.2,3,5,10,2,2,RL,6.46,17,22.648400000000002
0.2,3,5,10,2,2,Greedy,4.96,14,11.158399999999999
0.2,3,5,10,2,2,Periodic,3.9,10,6.65
0.2,3,5,10,2,2,RL,4.42,12,8.443600000000002
0.2,3,5,10,2,2,Greedy,4.46,11,8.2084
0.2,3,5,10,2,2,Periodic,3.82,10,5.907600000000001
0.2,3,5,10,2,3,RL,4.64,11,8.7104
0.2,3,5,10,2,3,Greedy,4.68,11,8.5776
0.2,3,5,10,2,3,Periodic,4.04,12,8.3584
0.2,3,5,10,2,3,RL,7.0,19,27.96
0.2,3,5,10,2,3,Greedy,11.36,26,52.6704
0.2,3,5,10,2,3,Periodic,5.08,13,11.513600000000002
0.2,3,5,10,2,3,RL,7.3,17,22.85
0.2,3,5,10,2,3,Greedy,12.34,33,103.2244
0.2,3,5,10,2,3,Periodic,5.44,19,25.886399999999995
0.2,3,5,10,2,3,RL,4.38,14,11.875599999999997
0.2,3,5,10,2,3,Greedy,6.56,19,23.686400000000003
0.2,3,5,10,2,3,Periodic,3.2,8,4.279999999999999
0.2,3,5,10,2,3,RL,3.36,9,4.430400000000001
0.2,3,5,10,2,3,Greedy,6.96,20,26.478399999999997
0.2,3,5,10,2,3,Periodic,5.0,12,9.44
0.2,3,5,10,2,3,RL,7.96,20,29.158399999999993
0.2,3,5,10,2,3,Greedy,5.5,15,17.33
0.2,3,5,10,2,3,Periodic,3.96,12,7.798399999999999
0.2,3,5,10,2,3,RL,12.32,32,88.9776
0.2,3,5,10,2,3,Greedy,5.42,14,15.763600000000002
0.2,3,5,10,2,3,Periodic,3.8,10,6.96
0.2,3,5,10,2,3,RL,3.4,9,4.119999999999999
0.2,3,5,10,2,3,Greedy,4.68,13,11.0976
0.2,3,5,10,2,3,Periodic,4.24,12,8.7824
0.2,3,5,10,2,3,RL,4.78,14,11.7716
0.2,3,5,10,2,3,Greedy,7.2,20,28.240000000000006
0.2,3,5,10,2,3,Periodic,5.64,18,22.1504
0.2,3,5,10,2,3,RL,7.52,21,30.5696
0.2,3,5,10,2,3,Greedy,4.96,15,13.718399999999997
0.2,3,5,10,2,3,Periodic,3.92,12,7.8736
0.2,3,5,10,4,1,RL,2.92,7,2.593600000000001
0.2,3,5,10,4,1,Greedy,4.14,11,7.320399999999999
0.2,3,5,10,4,1,Periodic,4.38,10,6.9956
0.2,3,5,10,4,1,RL,5.06,15,12.7764
0.2,3,5,10,4,1,Greedy,4.98,13,9.499600000000001
0.2,3,5,10,4,1,Periodic,3.26,10,5.1524
0.2,3,5,10,4,1,RL,3.56,8,4.7264
0.2,3,5,10,4,1,Greedy,6.8,20,27.4
0.2,3,5,10,4,1,Periodic,3.82,12,7.267599999999999
0.2,3,5,10,4,1,RL,5.66,14,11.624400000000001
0.2,3,5,10,4,1,Greedy,7.56,22,34.086400000000005
0.2,3,5,10,4,1,Periodic,4.86,12,10.400400000000001
0.2,3,5,10,4,1,RL,7.06,22,36.2164
0.2,3,5,10,4,1,Greedy,7.82,22,33.747600000000006
0.2,3,5,10,4,1,Periodic,4.34,10,7.104399999999999
0.2,3,5,10,4,1,RL,6.56,22,37.9264
0.2,3,5,10,4,1,Greedy,4.22,10,6.611600000000001
0.2,3,5,10,4,1,Periodic,3.82,10,5.0276
0.2,3,5,10,4,1,RL,6.48,20,27.009599999999995
0.2,3,5,10,4,1,Greedy,5.9,16,17.810000000000002
0.2,3,5,10,4,1,Periodic,4.38,10,7.9556
0.2,3,5,10,4,1,RL,4.76,12,8.5824
0.2,3,5,10,4,1,Greedy,7.56,20,28.9664
0.2,3,5,10,4,1,Periodic,7.42,22,34.6436
0.2,3,5,10,4,1,RL,3.86,10,6.280400000000001
0.2,3,5,10,4,1,Greedy,10.9,30,79.89000000000001
0.2,3,5,10,4,1,Periodic,3.74,10,6.1124
0.2,3,5,10,4,1,RL,4.74,16,15.7924
0.2,3,5,10,4,1,Greedy,16.98,40,156.65959999999998
0.2,3,5,10,4,1,Periodic,4.3,12,8.57
0.2,3,5,10,4,2,RL,10.64,29,70.43039999999999
0.2,3,5,10,4,2,Greedy,6.84,19,23.294399999999996
0.2,3,5,10,4,2,Periodic,4.54,10,7.3284
0.2,3,5,10,4,2,RL,5.02,12,9.0196
0.2,3,5,10,4,2,Greedy,6.14,17,18.720399999999998
0.2,3,5,10,4,2,Periodic,4.22,10,6.611599999999999
0.2,3,5,10,4,2,RL,6.72,20,27.881600000000002
0.2,3,5,10,4,2,Greedy,5.96,17,18.9184
0.2,3,5,10,4,2,Periodic,7.66,22,33.184400000000004
0.2,3,5,10,4,2,RL,5.38,14,12.3956
0.2,3,5,10,4,2,Greedy,7.02,20,26.379599999999996
0.2,3,5,10,4,2,Periodic,7.66,22,33.184400000000004
0.2,3,5,10,4,2,RL,3.26,9,4.072399999999999
0.2,3,5,10,4,2,Greedy,5.08,12,9.1536
0.2,3,5,10,4,2,Periodic,6.86,18,20.0004
0.2,3,5,10,4,2,RL,5.06,16,15.896400000000002
0.2,3,5,10,4,2,Greedy,4.34,10,7.344399999999999
0.2,3,5,10,4,2,Periodic,3.9,8,5.690000000000001
0.2,3,5,10,4,2,RL,5.36,15,16.5904
0.2,3,5,10,4,2,Greedy,6.18,17,19.107599999999998
0.2,3,5,10,4,2,Periodic,4.94,12,8.736399999999998
0.2,3,5,10,4,2,RL,5.34,15,13.224400000000001
0.2,3,5,10,4,2,Greedy,4.56,11,8.446399999999999
0.2,3,5,10,4,2,Periodic,3.9,8,5.690000000000001
0.2,3,5,10,4,2,RL,5.98,18,20.6996
0.2,3,5,10,4,2,Greedy,10.86,29,69.00039999999998
0.2,3,5,10,4,2,Periodic,4.22,10,6.611599999999999
0.2,3,5,10,4,2,RL,6.58,18,20.843600000000002
0.2,3,5,10,4,2,Greedy,5.48,17,18.6496
0.2,3,5,10,4,2,Periodic,4.54,10,7.3284
0.2,3,5,10,4,3,RL,4.82,13,10.5476
0.2,3,5,10,4,3,Greedy,6.62,18,20.3156
0.2,3,5,10,4,3,Periodic,4.2,10,6.7200000000000015
0.2,3,5,10,4,3,RL,6.12,18,22.2256
0.2,3,5,10,4,3,Greedy,6.6,19,23.4
0.2,3,5,10,4,3,Periodic,6.52,18,20.9696
0.2,3,5,10,4,3,RL,12.76,33,97.30240000000002
0.2,3,5,10,4,3,Greedy,6.6,19,23.400000000000006
0.2,3,5,10,4,3,Periodic,4.4,11,7.400000000000001
0.2,3,5,10,4,3,RL,6.82,21,31.3076
0.2,3,5,10,4,3,Greedy,6.64,19,23.670400000000004
0.2,3,5,10,4,3,Periodic,6.92,21,30.7936
0.2,3,5,10,4,3,RL,6.36,18,22.590400000000002
0.2,3,5,10,4,3,Greedy,6.26,19,24.192400000000003
0.2,3,5,10,4,3,Periodic,4.2,10,6.72
0.2,3,5,10,4,3,RL,5.42,12,10.2836
0.2,3,5,10,4,3,Greedy,4.38,11,7.515600000000001
0.2,3,5,10,4,3,Periodic,5.96,18,20.838399999999996
0.2,3,5,10,4,3,RL,6.3,21,33.05
0.2,3,5,10,4,3,Greedy,6.78,19,22.9716
0.2,3,5,10,4,3,Periodic,4.04,9,6.1184
0.2,3,5,10,4,3,RL,5.46,16,16.968400000000003
0.2,3,5,10,4,3,Greedy,4.82,10,8.1076
0.2,3,5,10,4,3,Periodic,3.88,8,5.7856000000000005
0.2,3,5,10,4,3,RL,4.18,11,8.1876
0.2,3,5,10,4,3,Greedy,6.8,19,23.12
0.2,3,5,10,4,3,Periodic,4.52,10,7.4496
0.2,3,5,10,4,3,RL,5.34,16,16.3444
0.2,3,5,10,4,3,Greedy,4.84,11,8.334399999999999
0.2,3,5,10,4,3,Periodic,4.04,9,6.1184
0.2,3,10,10,2,1,RL,6.5,21,31.65
0.2,3,10,10,2,1,Greedy,7.66,20,27.424400000000002
0.2,3,10,10,2,1,Periodic,4.66,12,10.7844
0.2,3,10,10,2,1,RL,5.78,15,14.571599999999998
0.2,3,10,10,2,1,Greedy,6.3,16,19.13
0.2,3,10,10,2,1,Periodic,6.62,17,20.755599999999994
0.2,3,10,10,2,1,RL,7.12,18,22.625599999999995
0.2,3,10,10,2,1,Greedy,6.7,17,20.090000000000003
0.2,3,10,10,2,1,Periodic,12.7,33,98.17
0.2,3,10,10,2,1,RL,5.62,15,15.355599999999999
0.2,3,10,10,2,1,Greedy,13.92,35,112.7536
0.2,3,10,10,2,1,Periodic,5.7,14,13.530000000000003
0.2,3,10,10,2,1,RL,8.64,21,28.5104
0.2,3,10,10,2,1,Greedy,11.4,30,76.24000000000001
0.2,3,10,10,2,1,Periodic,6.02,14,15.859599999999999
0.2,3,10,10,2,1,RL,7.16,16,20.2944
0.2,3,10,10,2,1,Greedy,7.7,20,26.97
0.2,3,10,10,2,1,Periodic,5.38,14,12.275599999999997
0.2,3,10,10,2,1,RL,6.02,15,18.2196
0.2,3,10,10,2,1,Greedy,7.42,21,31.5636
0.2,3,10,10,2,1,Periodic,12.26,31,78.9924
0.2,3,10,10,2,1,RL,13.32,33,90.61759999999998
0.2,3,10,10,2,1,Greedy,14.34,35,106.14439999999999
0.2,3,10,10,2,1,Periodic,6.3,16,16.81
0.2,3,10,10,2,1,RL,6.2,19,22.560000000000006
0.2,3,10,10,2,1,Greedy,6.84,18,21.174399999999995
0.2,3,10,10,2,1,Periodic,12.54,30,68.1284
0.2,3,10,10,2,1,RL,5.18,11,8.9076
0.2,3,10,10,2,1,Greedy,5.8,14,13.520000000000003
0.2,3,10,10,2,1,Periodic,7.18,17,22.5476
0.2,3,10,10,2,2,RL,5.38,15,13.995600000000001
0.2,3,10,10,2,2,Greedy,12.0,30,71.0
0.2,3,10,10,2,2,Periodic,6.22,18,21.011599999999998
0.2,3,10,10,2,2,RL,4.92,14,11.9936
0.2,3,10,10,2,2,Greedy,8.24,22,32.2224
0.2,3,10,10,2,2,Periodic,6.62,18,21.075599999999998
0.2,3,10,10,2,2,RL,5.58,15,13.243599999999999
0.2,3,10,10,2,2,Greedy,6.02,19,24.9796
0.2,3,10,10,2,2,Periodic,5.1,16,16.249999999999996
0.2,3,10,10,2,2,RL,5.56,15,13.286399999999999
0.2,3,10,10,2,2,Greedy,9.02,25,46.0596
0.2,3,10,10,2,2,Periodic,7.34,20,26.1444
0.2,3,10,10,2,2,RL,13.08,32,82.79360000000001
0.2,3,10,10,2,2,Greedy,6.82,20,26.507599999999996
0.2,3,10,10,2,2,Periodic,6.62,18,21.075599999999994
0.2,3,10,10,2,2,RL,6.6,19,24.519999999999996
0.2,3,10,10,2,2,Greedy,13.32,34,105.0976
0.2,3,10,10,2,2,Periodic,5.58,16,16.4036
0.2,3,10,10,2,2,RL,5.32,13,13.657600000000002
0.2,3,10,10,2,2,Greedy,7.68,18,22.097600000000003
0.2,3,10,10,2,2,Periodic,6.62,18,21.075599999999998
0.2,3,10,10,2,2,RL,6.66,19,23.304399999999998
0.2,3,10,10,2,2,Greedy,14.0,35,111.0
0.2,3,10,10,2,2,Periodic,6.3,18,20.41
0.2,3,10,10,2,2,RL,7.26,17,21.352400000000003
0.2,3,10,10,2,2,Greedy,12.22,32,90.73160000000001
0.2,3,10,10,2,2,Periodic,6.94,20,26.656399999999994
0.2,3,10,10,2,2,RL,6.9,16,19.570000000000004
0.2,3,10,10,2,2,Greedy,11.0,30,78.0
0.2,3,10,10,2,2,Periodic,5.66,16,15.9044
0.2,3,10,10,2,3,RL,6.02,17,19.499599999999997
0.2,3,10,10,2,3,Greedy,7.74,20,27.192400000000003
0.2,3,10,10,2,3,Periodic,10.36,29,73.5104
0.2,3,10,10,2,3,RL,6.08,18,22.073600000000003
0.2,3,10,10,2,3,Greedy,7.2,17,22.0
0.2,3,10,10,2,3,Periodic,6.84,20,26.4544
0.2,3,10,10,2,3,RL,5.2,15,13.760000000000002
0.2,3,10,10,2,3,Greedy,7.58,20,28.283599999999996
0.2,3,10,10,2,3,Periodic,4.2,10,7.52
0.2,3,10,10,2,3,RL,10.94,31,92.0564
0.2,3,10,10,2,3,Greedy,6.4,16,18.96
0.2,3,10,10,2,3,Periodic,11.52,31,85.24959999999999
0.2,3,10,10,2,3,RL,7.1,16,20.689999999999994
0.2,3,10,10,2,3,Greedy,5.38,14,14.995600000000003
0.2,3,10,10,2,3,Periodic,6.4,18,21.08
0.2,3,10,10,2,3,RL,4.38,10,6.7156
0.2,3,10,10,2,3,Greedy,7.22,19,25.691599999999998
0.2,3,10,10,2,3,Periodic,6.4,18,21.08
0.2,3,10,10,2,3,RL,4.64,13,10.7104
0.2,3,10,10,2,3,Greedy,7.98,23,41.3796
0.2,3,10,10,2,3,Periodic,6.76,20,27.142400000000002
0.2,3,10,10,2,3,RL,4.02,10,6.9796000000000005
0.2,3,10,10,2,3,Greedy,12.22,33,105.21160000000002
0.2,3,10,10,2,3,Periodic,6.76,20,27.142400000000002
0.2,3,10,10,2,3,RL,4.8,11,9.92
0.2,3,10,10,2,3,Greedy,6.4,16,18.96
0.2,3,10,10,2,3,Periodic,4.6,12,9.2
0.2,3,10,10,2,3,RL,6.36,17,19.4704
0.2,3,10,10,2,3,Greedy,12.46,31,78.1684
0.2,3,10,10,2,3,Periodic,6.84,18,21.4144
0.2,3,10,10,4,1,RL,5.2,13,10.76
0.2,3,10,10,4,1,Greedy,6.9,18,20.09
0.2,3,10,10,4,1,Periodic,11.58,30,73.28359999999999
0.2,3,10,10,4,1,RL,6.28,18,19.4016
0.2,3,10,10,4,1,Greedy,7.82,20,26.0676
0.2,3,10,10,4,1,Periodic,5.78,16,16.531599999999997
0.2,3,10,10,4,1,RL,5.0,12,9.12
0.2,3,10,10,4,1,Greedy,6.0,14,13.0
0.2,3,10,10,4,1,Periodic,8.1,20,26.089999999999996
0.2,3,10,10,4,1,RL,8.14,20,25.520399999999995
0.2,3,10,10,4,1,Greedy,12.1,30,69.29
0.2,3,10,10,4,1,Periodic,6.62,16,17.4756
0.2,3,10,10,4,1,RL,5.24,12,8.8224
0.2,3,10,10,4,1,Greedy,7.08,18,21.913600000000002
0.2,3,10,10,4,1,Periodic,4.98,12,9.9396
0.2,3,10,10,4,1,RL,5.7,13,12.13
0.2,3,10,10,4,1,Greedy,7.04,17,20.558400000000002
0.2,3,10,10,4,1,Periodic,6.22,16,17.4116
0.2,3,10,10,4,1,RL,6.04,16,15.238400000000002
0.2,3,10,10,4,1,Greedy,8.1,20,26.089999999999996
0.2,3,10,10,4,1,Periodic,5.82,18,21.027599999999996
0.2,3,10,10,4,1,RL,5.38,12,9.995600000000001
0.2,3,10,10,4,1,Greedy,6.8,18,20.999999999999996
0.2,3,10,10,4,1,Periodic,7.58,20,25.9236
0.2,3,10,10,4,1,RL,4.68,11,7.2576
0.2,3,10,10,4,1,Greedy,7.22,20,25.4916
0.2,3,10,10,4,1,Periodic,12.78,33,96.8516
0.2,3,10,10,4,1,RL,5.0,12,9.84
0.2,3,10,10,4,1,Greedy,7.62,16,18.7556
0.2,3,10,10,4,1,Periodic,5.02,13,10.499600000000001
0.2,3,10,10,4,2,RL,13.32,34,105.0976
0.2,3,10,10,4,2,Greedy,11.68,30,71.8576
0.2,3,10,10,4,2,Periodic,4.22,10,6.611599999999999
0.2,3,10,10,4,2,RL,5.72,14,11.8016
0.2,3,10,10,4,2,Greedy,6.66,19,23.3844
0.2,3,10,10,4,2,Periodic,12.38,32,87.31559999999999
0.2,3,10,10,4,2,RL,21.0,45,188.0
0.2,3,10,10,4,2,Greedy,9.94,28,66.2964
0.2,3,10,10,4,2,Periodic,10.86,30,79.5204
0.2,3,10,10,4,2,RL,5.62,17,17.915599999999998
0.2,3,10,10,4,2,Greedy,11.62,31,83.8356
0.2,3,10,10,4,2,Periodic,12.38,32,87.31559999999999
0.2,3,10,10,4,2,RL,6.48,17,18.8896
0.2,3,10,10,4,2,Greedy,6.48,18,20.889599999999994
0.2,3,10,10,4,2,Periodic,5.26,12,8.9924
0.2,3,10,10,4,2,RL,12.0,30,71.0
0.2,3,10,10,4,2,Greedy,11.62,31,83.8356
0.2,3,10,10,4,2,Periodic,6.46,18,20.1284
0.2,3,10,10,4,2,RL,6.04,17,18.718400000000003
0.2,3,10,10,4,2,Greedy,7.64,20,24.950400000000005
0.2,3,10,10,4,2,Periodic,5.26,12,8.9924
0.2,3,10,10,4,2,RL,7.2,18,22.76
0.2,3,10,10,4,2,Greedy,6.16,18,20.774399999999996
0.2,3,10,10,4,2,Periodic,4.54,10,7.328399999999999
0.2,3,10,10,4,2,RL,4.92,16,16.0336
0.2,3,10,10,4,2,Greedy,5.3,12,9.65
0.2,3,10,10,4,2,Periodic,10.86,30,79.5204
0.2,3,10,10,4,2,RL,7.72,20,26.9216
0.2,3,10,10,4,2,Greedy,6.16,18,20.774399999999996
0.2,3,10,10,4,2,Periodic,6.86,20,26.4004
0.2,3,10,10,4,3,RL,9.8,24,41.76
0.2,3,10,10,4,3,Greedy,6.44,19,23.886400000000002
0.2,3,10,10,4,3,Periodic,4.68,10,7.5776
0.2,3,10,10,4,3,RL,20.12,44,183.70559999999998
0.2,3,10,10,4,3,Greedy,7.16,20,25.6544
0.2,3,10,10,4,3,Periodic,4.36,10,6.950400000000001
0.2,3,10,10,4,3,RL,5.86,16,17.6404
0.2,3,10,10,4,3,Greedy,6.98,20,26.219600000000003
0.2,3,10,10,4,3,Periodic,4.68,10,7.5776
0.2,3,10,10,4,3,RL,11.06,30,78.29639999999999
0.2,3,10,10,4,3,Greedy,7.16,20,25.6544
0.2,3,10,10,4,3,Periodic,5.08,12,8.8736
0.2,3,10,10,4,3,RL,6.02,17,17.5796
0.2,3,10,10,4,3,Greedy,10.02,28,65.73960000000001
0.2,3,10,10,4,3,Periodic,6.68,18,20.4576
0.2,3,10,10,4,3,RL,7.66,20,26.3444
0.2,3,10,10,4,3,Greedy,10.58,29,71.0036
0.2,3,10,10,4,3,Periodic,4.68,10,7.5776
0.2,3,10,10,4,3,RL,10.92,30,79.51359999999998
0.2,3,10,10,4,3,Greedy,4.68,11,8.257600000000002
0.2,3,10,10,4,3,Periodic,4.36,10,6.950400000000001
0.2,3,10,10,4,3,RL,5.76,18,22.182399999999998
0.2,3,10,10,4,3,Greedy,11.16,30,76.37440000000001
0.2,3,10,10,4,3,Periodic,4.36,10,6.950400000000001
0.2,3,10,10,4,3,RL,6.78,21,31.77159999999999
0.2,3,10,10,4,3,Greedy,12.2,32,89.76
0.2,3,10,10,4,3,Periodic,6.28,18,20.441599999999998
0.2,3,10,10,4,3,RL,11.72,30,73.16159999999999
0.2,3,10,10,4,3,Greedy,6.24,18,20.822400000000002
0.2,3,10,10,4,3,Periodic,6.12,18,20.825599999999998
0.2,5,0,10,2,1,RL,3.46,10,5.328399999999999
0.2,5,0,10,2,1,Greedy,4.9,15,14.49
0.2,5,0,10,2,1,Periodic,4.02,12,8.1796
0.2,5,0,10,2,1,RL,4.0,14,10.84
0.2,5,0,10,2,1,Greedy,4.6,14,11.56
0.2,5,0,10,2,1,Periodic,6.94,24,51.936400000000006
0.2,5,0,10,2,1,RL,3.42,11,5.5236
0.2,5,0,10,2,1,Greedy,3.2,8,4.36
0.2,5,0,10,2,1,Periodic,7.54,24,47.248400000000004
0.2,5,0,10,2,1,RL,2.78,7,2.3716
0.2,5,0,10,2,1,Greedy,4.42,15,13.123600000000001
0.2,5,0,10,2,1,Periodic,3.9,14,10.89
0.2,5,0,10,2,1,RL,3.8,10,5.68
0.2,5,0,10,2,1,Greedy,3.12,8,4.265600000000001
0.2,5,0,10,2,1,Periodic,3.34,10,5.3444
0.2,5,0,10,2,1,RL,2.94,7,2.6964000000000006
0.2,5,0,10,2,1,Greedy,4.38,13,10.1556
0.2,5,0,10,2,1,Periodic,2.62,8,2.5956
0.2,5,0,10,2,1,RL,3.04,9,4.0384
0.2,5,0,10,2,1,Greedy,5.74,20,29.832399999999996
0.2,5,0,10,2,1,Periodic,2.38,8,2.5156
0.2,5,0,10,2,1,RL,8.56,27,67.9664
0.2,5,0,10,2,1,Greedy,3.94,14,10.9364
0.2,5,0,10,2,1,Periodic,2.54,8,2.8484
0.2,5,0,10,2,1,RL,13.2,35,125.43999999999998
0.2,5,0,10,2,1,Greedy,4.94,14,12.136400000000002
0.2,5,0,10,2,1,Periodic,4.22,12,9.1716
0.2,5,0,10,2,1,RL,4.64,16,15.830399999999997
0.2,5,0,10,2,1,Greedy,4.02,15,13.5396
0.2,5,0,10,2,1,Periodic,4.14,13,10.6404
0.2,5,0,10,2,2,RL,5.58,18,22.2036
0.2,5,0,10,2,2,Greedy,3.56,10,6.0864
0.2,5,0,10,2,2,Periodic,3.34,8,4.0644
0.2,5,0,10,2,2,RL,2.94,11,5.936400000000001
0.2,5,0,10,2,2,Greedy,4.36,12,11.2704
0.2,5,0,10,2,2,Periodic,3.42,8,4.8836
0.2,5,0,10,2,2,RL,3.62,10,5.595600000000001
0.2,5,0,10,2,2,Greedy,5.56,19,26.686400000000003
0.2,5,0,10,2,2,Periodic,3.82,10,5.9075999999999995
0.2,5,0,10,2,2,RL,2.52,7,2.2896
0.2,5,0,10,2,2,Greedy,5.42,18,21.3636
0.2,5,0,10,2,2,Periodic,2.7,6,2.81
0.2,5,0,10,2,2,RL,3.58,10,5.3236
0.2,5,0,10,2,2,Greedy,5.66,18,21.7444
0.2,5,0,10,2,2,Periodic,2.7,6,2.81
0.2,5,0,10,2,2,RL,3.76,13,9.662399999999998
0.2,5,0,10,2,2,Greedy,3.9,12,7.69
0.2,5,0,10,2,2,Periodic,2.7,6,2.81
0.2,5,0,10,2,2,RL,3.08,8,3.9536000000000002
0.2,5,0,10,2,2,Greedy,6.16,21,33.7744
0.2,5,0,10,2,2,Periodic,4.14,14,11.0404
0.2,5,0,10,2,2,RL,3.84,10,6.2143999999999995
0.2,5,0,10,2,2,Greedy,3.24,8,4.7024
0.2,5,0,10,2,2,Periodic,3.26,8,4.1924
0.2,5,0,10,2,2,RL,2.82,8,3.5876
0.2,5,0,10,2,2,Greedy,5.94,15,18.8964
0.2,5,0,10,2,2,Periodic,4.38,14,11.1556
0.2,5,0,10,2,2,RL,3.86,13,10.2404
0.2,5,0,10,2,2,Greedy,5.46,19,26.52839999999999
0.2,5,0,10,2,2,Periodic,3.1,8,3.4500000000000006
0.2,5,0,10,2,3,RL,3.18,11,6.2676000000000025
0.2,5,0,10,2,3,Greedy,3.16,8,5.134399999999999
0.2,5,0,10,2,3,Periodic,2.96,8,3.5984
0.2,5,0,10,2,3,RL,3.08,10,5.1136
0.2,5,0,10,2,3,Greedy,8.88,27,66.22559999999999
0.2,5,0,10,2,3,Periodic,4.2,12,8.96
0.2,5,0,10,2,3,RL,2.88,9,4.105599999999999
0.2,5,0,10,2,3,Greedy,3.18,8,4.347600000000001
0.2,5,0,10,2,3,Periodic,3.52,8,4.6895999999999995
0.2,5,0,10,2,3,RL,5.22,14,14.7716
0.2,5,0,10,2,3,Greedy,8.14,25,52.4004
0.2,5,0,10,2,3,Periodic,3.16,8,4.3744
0.2,5,0,10,2,3,RL,2.22,5,1.4516000000000002
0.2,5,0,10,2,3,Greedy,3.44,9,6.086400000000001
0.2,5,0,10,2,3,Periodic,3.88,12,8.025599999999999
0.2,5,0,10,2,3,RL,2.82,8,3.2676
0.2,5,0,10,2,3,Greedy,5.04,18,23.4784
0.2,5,0,10,2,3,Periodic,2.68,6,2.8575999999999997
0.2,5,0,10,2,3,RL,3.32,11,5.7376
0.2,5,0,10,2,3,Greedy,4.82,14,13.5076
0.2,5,0,10,2,3,Periodic,5.84,20,29.4544
0.2,5,0,10,2,3,RL,4.5,16,16.17
0.2,5,0,10,2,3,Greedy,3.32,10,5.2576
0.2,5,0,10,2,3,Periodic,3.44,8,4.8464
0.2,5,0,10,2,3,RL,4.62,16,16.075599999999998
0.2,5,0,10,2,3,Greedy,3.56,10,6.766399999999999
0.2,5,0,10,2,3,Periodic,3.56,10,5.6064
0.2,5,0,10,2,3,RL,2.94,8,3.2163999999999997
0.2,5,0,10,2,3,Greedy,4.2,11,7.88
0.2,5,0,10,2,3,Periodic,2.68,6,2.8575999999999997
0.2,5,0,10,4,1,RL,7.26,19,26.2324
0.2,5,0,10,4,1,Greedy,3.6,9,5.16
0.2,5,0,10,4,1,Periodic,3.3,10,5.050000000000001
0.2,5,0,10,4,1,RL,3.46,8,4.208399999999999
0.2,5,0,10,4,1,Greedy,6.96,19,25.9584
0.2,5,0,10,4,1,Periodic,2.7,6,2.81
0.2,5,0,10,4,1,RL,4.7,16,15.530000000000003
0.2,5,0,10,4,1,Greedy,3.4,10,5.44
0.2,5,0,10,4,1,Periodic,4.7,16,16.250000000000004
0.2,5,0,10,4,1,RL,3.18,8,3.3476000000000004
0.2,5,0,10,4,1,Greedy,5.44,15,13.286399999999999
0.2,5,0,10,4,1,Periodic,5.62,18,21.235599999999998
0.2,5,0,10,4,1,RL,4.68,15,15.737600000000002
0.2,5,0,10,4,1,Greedy,6.32,20,28.2176
0.2,5,0,10,4,1,Periodic,3.02,8,3.5395999999999996
0.2,5,0,10,4,1,RL,3.52,9,4.249600000000001
0.2,5,0,10,4,1,Greedy,6.18,20,28.9476
0.2,5,0,10,4,1,Periodic,3.3,8,4.090000000000001
0.2,5,0,10,4,1,RL,3.72,9,4.7216
0.2,5,0,10,4,1,Greedy,4.38,12,7.8356
0.2,5,0,10,4,1,Periodic,3.06,8,3.4564
0.2,5,0,10,4,1,RL,5.56,18,21.7264
0.2,5,0,10,4,1,Greedy,4.0,10,6.4
0.2,5,0,10,4,1,Periodic,3.54,10,5.5684000000000005
0.2,5,0,10,4,1,RL,3.18,8,3.5876
0.2,5,0,10,4,1,Greedy,4.98,15,13.5396
0.2,5,0,10,4,1,Periodic,6.22,21,33.571600000000004
0.2,5,0,10,4,1,RL,3.1,7,2.85
0.2,5,0,10,4,1,Greedy,4.0,10,6.36
0.2,5,0,10,4,1,Periodic,2.94,8,3.6164
0.2,5,0,10,4,2,RL,2.54,6,2.4484
0.2,5,0,10,4,2,Greedy,3.7,9,6.33
0.2,5,0,10,4,2,Periodic,4.22,10,6.611600000000001
0.2,5,0,10,4,2,RL,3.3,9,5.21
0.2,5,0,10,4,2,Greedy,7.8,23,39.0
0.2,5,0,10,4,2,Periodic,3.9,8,5.690000000000001
0.2,5,0,10,4,2,RL,3.76,10,6.182399999999999
0.2,5,0,10,4,2,Greedy,3.74,10,6.4724
0.2,5,0,10,4,2,Periodic,3.9,8,5.690000000000001
0.2,5,0,10,4,2,RL,3.3,9,4.69
0.2,5,0,10,4,2,Greedy,3.6,9,5.6800000000000015
0.2,5,0,10,4,2,Periodic,4.22,10,6.611599999999999
0.2,5,0,10,4,2,RL,3.58,8,4.9636000000000005
0.2,5,0,10,4,2,Greedy,4.24,13,9.7824
0.2,5,0,10,4,2,Periodic,3.9,8,5.690000000000001
0.2,5,0,10,4,2,RL,3.76,12,7.4224
0.2,5,0,10,4,2,Greedy,5.28,17,19.041599999999995
0.2,5,0,10,4,2,Periodic,3.9,8,5.690000000000001
0.2,5,0,10,4,2,RL,3.46,11,6.168400000000002
0.2,5,0,10,4,2,Greedy,4.4,11,7.96
0.2,5,0,10,4,2,Periodic,3.9,8,5.690000000000001
0.2,5,0,10,4,2,RL,5.88,19,24.4656
0.2,5,0,10,4,2,Greedy,3.26,8,4.9924
0.2,5,0,10,4,2,Periodic,3.9,8,5.690000000000001
0.2,5,0,10,4,2,RL,3.42,9,5.6036
0.2,5,0,10,4,2,Greedy,3.4,9,5.599999999999999
0.2,5,0,10,4,2,Periodic,3.9,8,5.690000000000001
0.2,5,0,10,4,2,RL,3.42,10,5.2836
0.2,5,0,10,4,2,Greedy,5.32,18,22.4976
0.2,5,0,10,4,2,Periodic,3.9,8,5.690000000000001
0.2,5,0,10,4,3,RL,3.52,11,6.7696000000000005
0.2,5,0,10,4,3,Greedy,3.96,9,6.518399999999999
0.2,5,0,10,4,3,Periodic,5.96,18,20.838399999999996
0.2,5,0,10,4,3,RL,4.9,17,19.369999999999997
0.2,5,0,10,4,3,Greedy,3.8,8,6.159999999999999
0.2,5,0,10,4,3,Periodic,3.88,8,5.7856000000000005
0.2,5,0,10,4,3,RL,4.16,12,9.8544
0.2,5,0,10,4,3,Greedy,3.96,9,6.518399999999999
0.2,5,0,10,4,3,Periodic,3.88,8,5.7856000000000005
0.2,5,0,10,4,3,RL,3.48,9,6.089599999999999
0.2,5,0,10,4,3,Greedy,6.06,18,21.056400000000004
0.2,5,0,10,4,3,Periodic,3.88,8,5.7856000000000005
0.2,5,0,10,4,3,RL,4.5,16,16.01
0.2,5,0,10,4,3,Greedy,4.46,10,7.4884
0.2,5,0,10,4,3,Periodic,3.88,8,5.7856000000000005
0.2,5,0,10,4,3,RL,3.32,9,5.1776
0.2,5,0,10,4,3,Greedy,5.9,18,21.37
0.2,5,0,10,4,3,Periodic,3.88,8,5.7856000000000005
0.2,5,0,10,4,3,RL,3.86,10,6.7204
0.2,5,0,10,4,3,Greedy,6.08,18,21.193599999999996
0.2,5,0,10,4,3,Periodic,3.88,8,5.7856000000000005
0.2,5,0,10,4,3,RL,3.8,10,6.920000000000001
0.2,5,0,10,4,3,Greedy,5.74,18,21.632399999999997
0.2,5,0,10,4,3,Periodic,3.88,8,5.7856000000000005
0.2,5,0,10,4,3,RL,19.26,43,178.87240000000003
0.2,5,0,10,4,3,Greedy,4.12,9,6.8256000000000006
0.2,5,0,10,4,3,Periodic,3.88,8,5.7856000000000005
0.2,5,0,10,4,3,RL,4.72,11,9.2416
0.2,5,0,10,4,3,Greedy,3.8,8,6.159999999999999
0.2,5,0,10,4,3,Periodic,3.88,8,5.7856000000000005
0.2,5,5,10,2,1,RL,4.94,14,13.5764
0.2,5,5,10,2,1,Greedy,4.86,15,14.240400000000001
0.2,5,5,10,2,1,Periodic,3.5,10,6.01
0.2,5,5,10,2,1,RL,7.54,22,35.32840000000001
0.2,5,5,10,2,1,Greedy,4.22,14,11.251600000000002
0.2,5,5,10,2,1,Periodic,4.26,14,12.5124
0.2,5,5,10,2,1,RL,4.18,14,10.8676
0.2,5,5,10,2,1,Greedy,4.16,12,7.854399999999999
0.2,5,5,10,2,1,Periodic,7.18,24,50.0676
0.2,5,5,10,2,1,RL,5.12,15,13.9056
0.2,5,5,10,2,1,Greedy,4.08,10,7.353599999999999
0.2,5,5,10,2,1,Periodic,10.06,28,66.9764
0.2,5,5,10,2,1,RL,3.48,8,3.8895999999999997
0.2,5,5,10,2,1,Greedy,4.6,13,10.000000000000002
0.2,5,5,10,2,1,Periodic,6.38,22,39.31560000000001
0.2,5,5,10,2,1,RL,3.58,12,6.9636000000000005
0.2,5,5,10,2,1,Greedy,4.54,14,11.7684
0.2,5,5,10,2,1,Periodic,5.82,18,23.507599999999996
0.2,5,5,10,2,1,RL,5.7,14,12.770000000000003
0.2,5,5,10,2,1,Greedy,7.0,22,36.32
0.2,5,5,10,2,1,Periodic,3.98,12,8.099599999999999
0.2,5,5,10,2,1,RL,3.38,9,5.315600000000002
0.2,5,5,10,2,1,Greedy,7.66,23,40.504400000000004
0.2,5,5,10,2,1,Periodic,6.22,20,29.011599999999998
0.2,5,5,10,2,1,RL,4.3,11,7.37
0.2,5,5,10,2,1,Greedy,4.28,10,7.441599999999999
0.2,5,5,10,2,1,Periodic,3.22,10,4.5316
0.2,5,5,10,2,1,RL,4.94,16,15.816399999999998
0.2,5,5,10,2,1,Greedy,6.72,17,21.961600000000004
0.2,5,5,10,2,1,Periodic,3.46,10,6.048399999999999
0.2,5,5,10,2,2,RL,5.4,16,16.360000000000003
0.2,5,5,10,2,2,Greedy,6.36,19,24.110400000000006
0.2,5,5,10,2,2,Periodic,5.02,16,16.6596
0.2,5,5,10,2,2,RL,4.0,14,10.96
0.2,5,5,10,2,2,Greedy,6.06,19,25.336400000000005
0.2,5,5,10,2,2,Periodic,5.82,14,14.547599999999997
0.2,5,5,10,2,2,RL,4.62,15,13.115599999999999
0.2,5,5,10,2,2,Greedy,6.16,15,17.9744
0.2,5,5,10,2,2,Periodic,6.38,20,28.435600000000008
0.2,5,5,10,2,2,RL,6.36,18,21.8704
0.2,5,5,10,2,2,Greedy,5.76,16,17.2224
0.2,5,5,10,2,2,Periodic,3.98,12,7.699599999999999
0.2,5,5,10,2,2,RL,6.44,20,28.926399999999994
0.2,5,5,10,2,2,Greedy,4.24,10,7.3824000000000005
0.2,5,5,10,2,2,Periodic,5.02,16,16.6596
0.2,5,5,10,2,2,RL,5.68,13,13.097600000000002
0.2,5,5,10,2,2,Greedy,8.42,25,50.1236
0.2,5,5,10,2,2,Periodic,3.42,10,4.8836
0.2,5,5,10,2,2,RL,4.96,16,16.598399999999998
0.2,5,5,10,2,2,Greedy,7.14,20,29.560399999999994
0.2,5,5,10,2,2,Periodic,4.14,12,8.1604
0.2,5,5,10,2,2,RL,3.48,10,5.0096
0.2,5,5,10,2,2,Greedy,5.04,12,10.678400000000002
0.2,5,5,10,2,2,Periodic,2.7,6,2.81
0.2,5,5,10,2,2,RL,4.2,12,8.36
0.2,5,5,10,2,2,Greedy,6.06,16,18.4964
0.2,5,5,10,2,2,Periodic,3.5,10,5.69
0.2,5,5,10,2,2,RL,3.96,11,6.8784
0.2,5,5,10,2,2,Greedy,5.88,15,16.0656
0.2,5,5,10,2,2,Periodic,3.34,10,5.0244
0.2,5,5,10,2,3,RL,4.74,15,13.272400000000003
0.2,5,5,10,2,3,Greedy,6.4,16,22.560000000000006
0.2,5,5,10,2,3,Periodic,4.68,16,16.3776
0.2,5,5,10,2,3,RL,10.22,30,87.61160000000001
0.2,5,5,10,2,3,Greedy,4.98,12,12.499600000000001
0.2,5,5,10,2,3,Periodic,5.84,18,22.2544
0.2,5,5,10,2,3,RL,4.6,15,13.16
0.2,5,5,10,2,3,Greedy,5.42,14,14.9636
0.2,5,5,10,2,3,Periodic,5.08,18,22.4736
0.2,5,5,10,2,3,RL,5.92,20,29.593599999999995
0.2,5,5,10,2,3,Greedy,3.12,9,4.7456
0.2,5,5,10,2,3,Periodic,6.44,21,32.8864
0.2,5,5,10,2,3,RL,4.76,16,15.702400000000003
0.2,5,5,10,2,3,Greedy,6.84,19,25.3744
0.2,5,5,10,2,3,Periodic,3.48,10,5.7696
0.2,5,5,10,2,3,RL,3.24,8,4.2623999999999995
0.2,5,5,10,2,3,Greedy,3.88,13,9.705599999999999
0.2,5,5,10,2,3,Periodic,4.28,12,8.5216
0.2,5,5,10,2,3,RL,3.76,11,7.4224
0.2,5,5,10,2,3,Greedy,4.72,15,14.561600000000004
0.2,5,5,10,2,3,Periodic,3.76,10,6.0624
0.2,5,5,10,2,3,RL,6.64,17,22.630399999999998
0.2,5,5,10,2,3,Greedy,3.58,10,7.243600000000002
0.2,5,5,10,2,3,Periodic,5.08,13,11.513599999999999
0.2,5,5,10,2,3,RL,4.26,10,7.1124
0.2,5,5,10,2,3,Greedy,6.72,20,28.92160000000001
0.2,5,5,10,2,3,Periodic,3.64,10,6.2303999999999995
0.2,5,5,10,2,3,RL,4.42,10,8.2436
0.2,5,5,10,2,3,Greedy,3.0,10,5.24
0.2,5,5,10,2,3,Periodic,5.36,18,21.870400000000004
0.2,5,5,10,4,1,RL,7.76,21,33.3024
0.2,5,5,10,4,1,Greedy,6.92,19,23.633599999999998
0.2,5,5,10,4,1,Periodic,3.26,8,4.1924
0.2,5,5,10,4,1,RL,6.16,19,23.5744
0.2,5,5,10,4,1,Greedy,7.38,22,35.515600000000006
0.2,5,5,10,4,1,Periodic,4.46,12,8.9284
0.2,5,5,10,4,1,RL,6.48,21,32.329600000000006
0.2,5,5,10,4,1,Greedy,4.84,14,11.4944
0.2,5,5,10,4,1,Periodic,4.7,13,10.090000000000002
0.2,5,5,10,4,1,RL,7.7,24,45.93
0.2,5,5,10,4,1,Greedy,4.52,12,9.569600000000001
0.2,5,5,10,4,1,Periodic,3.38,10,4.9156
0.2,5,5,10,4,1,RL,4.18,11,7.5476
0.2,5,5,10,4,1,Greedy,5.38,15,13.195599999999999
0.2,5,5,10,4,1,Periodic,5.18,18,21.9076
0.2,5,5,10,4,1,RL,4.52,12,8.6496
0.2,5,5,10,4,1,Greedy,6.94,20,27.016399999999997
0.2,5,5,10,4,1,Periodic,4.98,12,8.9796
0.2,5,5,10,4,1,RL,4.86,13,10.1204
0.2,5,5,10,4,1,Greedy,5.16,14,11.7744
0.2,5,5,10,4,1,Periodic,3.02,8,3.5396000000000005
0.2,5,5,10,4,1,RL,3.82,13,9.0276
0.2,5,5,10,4,1,Greedy,6.24,20,28.662399999999998
0.2,5,5,10,4,1,Periodic,3.1,8,3.5300000000000007
0.2,5,5,10,4,1,RL,5.04,16,14.998400000000002
0.2,5,5,10,4,1,Greedy,6.38,17,19.2756
0.2,5,5,10,4,1,Periodic,5.86,20,29.2804
0.2,5,5,10,4,1,RL,3.38,9,4.1956
0.2,5,5,10,4,1,Greedy,6.02,15,13.419599999999997
0.2,5,5,10,4,1,Periodic,4.14,13,9.3604
0.2,5,5,10,4,2,RL,6.26,17,18.9524
0.2,5,5,10,4,2,Greedy,4.98,12,9.699599999999998
0.2,5,5,10,4,2,Periodic,3.9,8,5.690000000000001
0.2,5,5,10,4,2,RL,4.94,14,11.5364
0.2,5,5,10,4,2,Greedy,12.06,32,91.8964
0.2,5,5,10,4,2,Periodic,3.9,8,5.690000000000001
0.2,5,5,10,4,2,RL,5.2,16,15.440000000000003
0.2,5,5,10,4,2,Greedy,6.72,19,24.201600000000006
0.2,5,5,10,4,2,Periodic,3.9,8,5.690000000000001
0.2,5,5,10,4,2,RL,4.5,14,11.77
0.2,5,5,10,4,2,Greedy,6.88,19,23.6256
0.2,5,5,10,4,2,Periodic,4.22,10,6.611600000000001
0.2,5,5,10,4,2,RL,3.54,9,4.7684
0.2,5,5,10,4,2,Greedy,10.86,29,69.00039999999998
0.2,5,5,10,4,2,Periodic,10.86,30,79.5204
0.2,5,5,10,4,2,RL,5.08,15,14.273600000000002
0.2,5,5,10,4,2,Greedy,4.24,10,7.102400000000001
0.2,5,5,10,4,2,Periodic,3.9,8,5.690000000000001
0.2,5,5,10,4,2,RL,10.86,30,80.2804
0.2,5,5,10,4,2,Greedy,5.82,17,19.0276
0.2,5,5,10,4,2,Periodic,4.22,10,6.611599999999999
0.2,5,5,10,4,2,RL,4.88,14,11.4656
0.2,5,5,10,4,2,Greedy,9.54,27,60.6084
0.2,5,5,10,4,2,Periodic,3.9,8,5.690000000000001
0.2,5,5,10,4,2,RL,7.2,21,33.2
0.2,5,5,10,4,2,Greedy,6.16,18,20.7744
0.2,5,5,10,4,2,Periodic,3.9,8,5.690000000000001
0.2,5,5,10,4,2,RL,4.1,9,6.409999999999999
0.2,5,5,10,4,2,Greedy,10.44,29,72.6864
0.2,5,5,10,4,2,Periodic,3.9,8,5.690000000000001
0.2,5,5,10,4,3,RL,5.76,19,25.462400000000002
0.2,5,5,10,4,3,Greedy,5.92,18,21.193599999999996
0.2,5,5,10,4,3,Periodic,11.44,31,85.72640000000001
0.2,5,5,10,4,3,RL,6.24,16,18.1824
0.2,5,5,10,4,3,Greedy,4.5,11,7.93
0.2,5,5,10,4,3,Periodic,9.88,28,66.6656
0.2,5,5,10,4,3,RL,8.38,26,59.6356
0.2,5,5,10,4,3,Greedy,8.04,19,31.1184
0.2,5,5,10,4,3,Periodic,3.88,8,5.7856000000000005
0.2,5,5,10,4,3,RL,9.2,21,40.160000000000004
0.2,5,5,10,4,3,Greedy,4.34,11,7.7444
0.2,5,5,10,4,3,Periodic,3.88,8,5.7856000000000005
0.2,5,5,10,4,3,RL,6.28,20,28.0016
0.2,5,5,10,4,3,Greedy,5.04,11,8.7584
0.2,5,5,10,4,3,Periodic,4.72,11,8.0016
0.2,5,5,10,4,3,RL,6.88,22,37.4656
0.2,5,5,10,4,3,Greedy,6.48,20,27.7696
0.2,5,5,10,4,3,Periodic,4.2,10,6.72
0.2,5,5,10,4,3,RL,6.48,17,20.9696
0.2,5,5,10,4,3,Greedy,6.26,19,24.1924
0.2,5,5,10,4,3,Periodic,4.4,11,7.400000000000001
0.2,5,5,10,4,3,RL,3.9,10,6.889999999999999
0.2,5,5,10,4,3,Greedy,6.48,20,27.769600000000004
0.2,5,5,10,4,3,Periodic,4.2,10,6.7200000000000015
0.2,5,5,10,4,3,RL,7.24,22,36.702400000000004
0.2,5,5,10,4,3,Greedy,6.08,18,21.193599999999996
0.2,5,5,10,4,3,Periodic,4.76,12,8.5024
0.2,5,5,10,4,3,RL,5.92,17,19.4336
0.2,5,5,10,4,3,Greedy,6.26,19,24.1924
0.2,5,5,10,4,3,Periodic,4.2,10,6.72
0.2,5,10,10,2,1,RL,6.04,15,15.078399999999998
0.2,5,10,10,2,1,Greedy,7.66,19,24.104400000000002
0.2,5,10,10,2,1,Periodic,6.74,20,27.5524
0.2,5,10,10,2,1,RL,7.48,23,39.6896
0.2,5,10,10,2,1,Greedy,10.58,29,72.92360000000001
0.2,5,10,10,2,1,Periodic,5.14,14,13.2804
0.2,5,10,10,2,1,RL,8.64,26,56.4304
0.2,5,10,10,2,1,Greedy,6.88,17,19.985599999999998
0.2,5,10,10,2,1,Periodic,7.5,17,20.73
0.2,5,10,10,2,1,RL,5.16,17,17.9344
0.2,5,10,10,2,1,Greedy,6.8,20,27.92
0.2,5,10,10,2,1,Periodic,6.5,18,20.25
0.2,5,10,10,2,1,RL,5.04,13,12.158399999999999
0.2,5,10,10,2,1,Greedy,15.16,37,127.97439999999999
0.2,5,10,10,2,1,Periodic,7.1,20,28.33
0.2,5,10,10,2,1,RL,8.06,21,29.9364
0.2,5,10,10,2,1,Greedy,6.76,17,19.702399999999997
0.2,5,10,10,2,1,Periodic,6.46,14,16.528399999999998
0.2,5,10,10,2,1,RL,4.42,12,9.323599999999999
0.2,5,10,10,2,1,Greedy,7.62,18,26.1556
0.2,5,10,10,2,1,Periodic,7.62,20,28.995600000000003
0.2,5,10,10,2,1,RL,6.56,18,20.1264
0.2,5,10,10,2,1,Greedy,6.76,15,18.1024
0.2,5,10,10,2,1,Periodic,5.94,18,22.176399999999997
0.2,5,10,10,2,1,RL,4.14,9,5.9604
0.2,5,10,10,2,1,Greedy,6.16,15,13.8544
0.2,5,10,10,2,1,Periodic,6.34,16,19.9844
0.2,5,10,10,2,1,RL,5.76,15,16.702399999999997
0.2,5,10,10,2,1,Greedy,5.84,14,14.174399999999999
0.2,5,10,10,2,1,Periodic,8.42,22,34.5636
0.2,5,10,10,2,2,RL,7.1,19,25.649999999999995
0.2,5,10,10,2,2,Greedy,5.56,17,18.4864
0.2,5,10,10,2,2,Periodic,13.1,34,108.09
0.2,5,10,10,2,2,RL,4.88,14,13.5056
0.2,5,10,10,2,2,Greedy,4.4,10,7.6
0.2,5,10,10,2,2,Periodic,7.1,18,21.69
0.2,5,10,10,2,2,RL,4.58,13,10.763599999999999
0.2,5,10,10,2,2,Greedy,4.78,14,11.7316
0.2,5,10,10,2,2,Periodic,4.78,16,15.891599999999997
0.2,5,10,10,2,2,RL,7.58,21,32.5236
0.2,5,10,10,2,2,Greedy,11.34,31,87.1444
0.2,5,10,10,2,2,Periodic,6.3,18,21.689999999999994
0.2,5,10,10,2,2,RL,7.5,17,22.69
0.2,5,10,10,2,2,Greedy,6.26,17,18.9524
0.2,5,10,10,2,2,Periodic,4.46,12,8.9284
0.2,5,10,10,2,2,RL,10.94,31,92.2164
0.2,5,10,10,2,2,Greedy,5.24,15,14.9824
0.2,5,10,10,2,2,Periodic,5.98,18,20.8196
0.2,5,10,10,2,2,RL,7.44,17,21.3264
0.2,5,10,10,2,2,Greedy,5.24,15,13.5824
0.2,5,10,10,2,2,Periodic,5.9,18,21.37
0.2,5,10,10,2,2,RL,5.92,16,16.7936
0.2,5,10,10,2,2,Greedy,5.9,18,21.049999999999997
0.2,5,10,10,2,2,Periodic,5.74,16,16.672399999999996
0.2,5,10,10,2,2,RL,6.06,16,18.696400000000004
0.2,5,10,10,2,2,Greedy,6.32,18,22.6976
0.2,5,10,10,2,2,Periodic,5.42,18,21.523600000000002
0.2,5,10,10,2,2,RL,5.46,14,13.6084
0.2,5,10,10,2,2,Greedy,7.62,19,24.9556
0.2,5,10,10,2,2,Periodic,11.82,32,95.1876
0.2,5,10,10,2,3,RL,7.16,22,35.9744
0.2,5,10,10,2,3,Greedy,7.6,23,41.36000000000001
0.2,5,10,10,2,3,Periodic,9.64,28,69.1904
0.2,5,10,10,2,3,RL,5.96,16,19.0784
0.2,5,10,10,2,3,Greedy,6.92,17,26.1936
0.2,5,10,10,2,3,Periodic,6.52,20,27.209600000000002
0.2,5,10,10,2,3,RL,8.68,25,48.897600000000004
0.2,5,10,10,2,3,Greedy,5.86,17,19.9204
0.2,5,10,10,2,3,Periodic,6.08,18,21.553600000000007
0.2,5,10,10,2,3,RL,5.78,17,17.7716
0.2,5,10,10,2,3,Greedy,12.4,33,103.12
0.2,5,10,10,2,3,Periodic,5.08,16,16.2336
0.2,5,10,10,2,3,RL,12.58,33,100.6036
0.2,5,10,10,2,3,Greedy,11.52,31,86.32959999999999
0.2,5,10,10,2,3,Periodic,6.04,18,21.238400000000002
0.2,5,10,10,2,3,RL,6.24,19,26.34240000000001
0.2,5,10,10,2,3,Greedy,6.36,19,25.4304
0.2,5,10,10,2,3,Periodic,12.44,33,101.84640000000002
0.2,5,10,10,2,3,RL,4.72,15,14.0416
0.2,5,10,10,2,3,Greedy,5.1,13,11.61
0.2,5,10,10,2,3,Periodic,6.84,18,21.4144
0.2,5,10,10,2,3,RL,5.88,16,17.985599999999998
0.2,5,10,10,2,3,Greedy,6.16,19,25.534399999999994
0.2,5,10,10,2,3,Periodic,7.6,22,34.28
0.2,5,10,10,2,3,RL,6.78,18,22.651599999999995
0.2,5,10,10,2,3,Greedy,14.56,37,140.64639999999997
0.2,5,10,10,2,3,Periodic,4.56,11,8.686399999999999
0.2,5,10,10,2,3,RL,4.52,13,9.809600000000001
0.2,5,10,10,2,3,Greedy,6.54,20,28.6884
0.2,5,10,10,2,3,Periodic,6.16,18,20.974400000000006
0.2,5,10,10,4,1,RL,4.6,10,7.04
0.2,5,10,10,4,1,Greedy,6.66,19,23.304399999999998
0.2,5,10,10,4,1,Periodic,7.14,16,18.6404
0.2,5,10,10,4,1,RL,7.4,21,30.240000000000006
0.2,5,10,10,4,1,Greedy,5.3,16,15.17
0.2,5,10,10,4,1,Periodic,19.38,43,174.99559999999997
0.2,5,10,10,4,1,RL,7.0,20,27.12
0.2,5,10,10,4,1,Greedy,7.14,20,27.000399999999996
0.2,5,10,10,4,1,Periodic,5.82,18,21.027599999999996
0.2,5,10,10,4,1,RL,8.1,25,51.09
0.2,5,10,10,4,1,Greedy,8.18,23,37.2276
0.2,5,10,10,4,1,Periodic,5.54,16,16.128400000000003
0.2,5,10,10,4,1,RL,7.64,23,39.990399999999994
0.2,5,10,10,4,1,Greedy,6.82,19,23.707600000000003
0.2,5,10,10,4,1,Periodic,7.14,16,18.6404
0.2,5,10,10,4,1,RL,11.12,30,77.26559999999999
0.2,5,10,10,4,1,Greedy,8.64,24,40.9904
0.2,5,10,10,4,1,Periodic,10.02,28,66.0996
0.2,5,10,10,4,1,RL,5.3,15,14.81
0.2,5,10,10,4,1,Greedy,6.56,19,24.166400000000003
0.2,5,10,10,4,1,Periodic,4.7,13,10.090000000000002
0.2,5,10,10,4,1,RL,5.42,16,15.523599999999998
0.2,5,10,10,4,1,Greedy,10.98,29,68.77959999999999
0.2,5,10,10,4,1,Periodic,6.1,18,21.37
0.2,5,10,10,4,1,RL,12.08,31,79.95360000000001
0.2,5,10,10,4,1,Greedy,6.78,19,24.091599999999993
0.2,5,10,10,4,1,Periodic,6.82,20,27.187600000000003
0.2,5,10,10,4,1,RL,5.08,13,10.1536
0.2,5,10,10,4,1,Greedy,5.4,13,10.24
0.2,5,10,10,4,1,Periodic,6.1,18,21.37
0.2,5,10,10,4,2,RL,6.68,19,24.0176
0.2,5,10,10,4,2,Greedy,7.04,20,26.5184
0.2,5,10,10,4,2,Periodic,6.54,20,27.168400000000005
0.2,5,10,10,4,2,RL,6.84,19,24.094399999999997
0.2,5,10,10,4,2,Greedy,12.24,32,89.50239999999998
0.2,5,10,10,4,2,Periodic,4.22,10,6.611600000000001
0.2,5,10,10,4,2,RL,13.82,35,114.02759999999998
0.2,5,10,10,4,2,Greedy,11.44,31,86.00640000000001
0.2,5,10,10,4,2,Periodic,4.94,12,8.736399999999998
0.2,5,10,10,4,2,RL,4.12,12,7.745600000000001
0.2,5,10,10,4,2,Greedy,6.48,18,20.8896
0.2,5,10,10,4,2,Periodic,4.54,10,7.328399999999999
0.2,5,10,10,4,2,RL,7.38,20,26.8756
0.2,5,10,10,4,2,Greedy,7.26,20,26.2324
0.2,5,10,10,4,2,Periodic,6.14,18,20.6404
0.2,5,10,10,4,2,RL,13.52,35,118.92960000000001
0.2,5,10,10,4,2,Greedy,7.3,19,23.009999999999994
0.2,5,10,10,4,2,Periodic,6.54,18,20.7684
0.2,5,10,10,4,2,RL,6.46,17,18.808399999999995
0.2,5,10,10,4,2,Greedy,11.44,31,86.00640000000001
0.2,5,10,10,4,2,Periodic,4.54,10,7.328399999999999
0.2,5,10,10,4,2,RL,5.82,19,25.0676
0.2,5,10,10,4,2,Greedy,6.18,19,24.1476
0.2,5,10,10,4,2,Periodic,6.86,18,20.0004
0.2,5,10,10,4,2,RL,4.78,15,13.411599999999998
0.2,5,10,10,4,2,Greedy,5.96,17,18.9184
0.2,5,10,10,4,2,Periodic,4.22,10,6.611599999999999
0.2,5,10,10,4,2,RL,7.68,22,34.6576
0.2,5,10,10,4,2,Greedy,7.44,21,29.5264
0.2,5,10,10,4,2,Periodic,6.86,20,26.400400000000005
0.2,5,10,10,4,3,RL,10.66,29,71.70439999999999
0.2,5,10,10,4,3,Greedy,5.22,11,8.8916
0.2,5,10,10,4,3,Periodic,4.4,11,7.400000000000001
0.2,5,10,10,4,3,RL,6.96,20,27.638399999999997
0.2,5,10,10,4,3,Greedy,6.6,19,23.4
0.2,5,10,10,4,3,Periodic,4.2,10,6.72
0.2,5,10,10,4,3,RL,6.7,20,27.410000000000004
0.2,5,10,10,4,3,Greedy,10.98,30,78.37960000000001
0.2,5,10,10,4,3,Periodic,6.68,20,26.8576
0.2,5,10,10,4,3,RL,11.2,31,89.0
0.2,5,10,10,4,3,Greedy,10.98,30,78.37960000000001
0.2,5,10,10,4,3,Periodic,5.96,18,20.838399999999996
0.2,5,10,10,4,3,RL,5.36,14,11.8304
0.2,5,10,10,4,3,Greedy,6.42,19,23.7636
0.2,5,10,10,4,3,Periodic,7.04,20,26.238400000000006
0.2,5,10,10,4,3,RL,10.74,30,80.9524
0.2,5,10,10,4,3,Greedy,10.98,30,78.37960000000001
0.2,5,10,10,4,3,Periodic,6.28,18,20.441599999999998
0.2,5,10,10,4,3,RL,11.42,31,86.84359999999998
0.2,5,10,10,4,3,Greedy,10.58,29,71.0036
0.2,5,10,10,4,3,Periodic,4.36,10,6.950399999999999
0.2,5,10,10,4,3,RL,6.7,18,21.65
0.2,5,10,10,4,3,Greedy,10.4,29,72.80000000000001
0.2,5,10,10,4,3,Periodic,6.68,20,26.8576
0.2,5,10,10,4,3,RL,7.56,23,40.366400000000006
0.2,5,10,10,4,3,Greedy,6.6,19,23.399999999999995
0.2,5,10,10,4,3,Periodic,4.2,10,6.72
0.2,5,10,10,4,3,RL,4.8,13,10.48
0.2,5,10,10,4,3,Greedy,6.8,19,23.12
0.2,5,10,10,4,3,Periodic,10.24,28,63.742399999999996
0.2,7,0,10,2,1,RL,3.16,9,4.814399999999999
0.2,7,0,10,2,1,Greedy,5.48,17,19.4896
0.2,7,0,10,2,1,Periodic,3.22,10,4.9315999999999995
0.2,7,0,10,2,1,RL,5.1,17,19.290000000000003
0.2,7,0,10,2,1,Greedy,3.28,11,6.2416
0.2,7,0,10,2,1,Periodic,2.78,8,3.1716000000000006
0.2,7,0,10,2,1,RL,4.02,11,6.6996
0.2,7,0,10,2,1,Greedy,4.48,16,16.2896
0.2,7,0,10,2,1,Periodic,2.54,6,2.5284000000000004
0.2,7,0,10,2,1,RL,2.48,6,1.6095999999999997
0.2,7,0,10,2,1,Greedy,4.8,15,13.679999999999998
0.2,7,0,10,2,1,Periodic,4.02,14,11.1396
0.2,7,0,10,2,1,RL,4.14,11,7.7604
0.2,7,0,10,2,1,Greedy,3.86,13,9.2004
0.2,7,0,10,2,1,Periodic,2.02,4,0.9795999999999999
0.2,7,0,10,2,1,RL,4.6,15,14.32
0.2,7,0,10,2,1,Greedy,6.42,21,34.403600000000004
0.2,7,0,10,2,1,Periodic,2.62,6,2.1955999999999998
0.2,7,0,10,2,1,RL,3.02,9,3.6196
0.2,7,0,10,2,1,Greedy,4.54,12,10.248400000000002
0.2,7,0,10,2,1,Periodic,10.66,31,96.46439999999998
0.2,7,0,10,2,1,RL,3.4,10,4.999999999999999
0.2,7,0,10,2,1,Greedy,4.46,16,16.688399999999998
0.2,7,0,10,2,1,Periodic,3.18,10,4.9476
0.2,7,0,10,2,1,RL,3.2,8,4.44
0.2,7,0,10,2,1,Greedy,4.84,16,16.0944
0.2,7,0,10,2,1,Periodic,2.62,8,2.8356
0.2,7,0,10,2,1,RL,3.34,7,3.4644
0.2,7,0,10,2,1,Greedy,3.86,11,7.120400000000001
0.2,7,0,10,2,1,Periodic,8.22,26,60.3716
0.2,7,0,10,2,2,RL,4.88,17,19.265600000000003
0.2,7,0,10,2,2,Greedy,3.92,10,6.7536000000000005
0.2,7,0,10,2,2,Periodic,2.7,6,2.81
0.2,7,0,10,2,2,RL,3.56,10,7.2463999999999995
0.2,7,0,10,2,2,Greedy,3.38,9,5.1156
0.2,7,0,10,2,2,Periodic,2.7,6,2.81
0.2,7,0,10,2,2,RL,5.32,16,19.7776
0.2,7,0,10,2,2,Greedy,5.44,19,25.6464
0.2,7,0,10,2,2,Periodic,2.78,6,2.7716
0.2,7,0,10,2,2,RL,2.92,8,3.6335999999999995
0.2,7,0,10,2,2,Greedy,6.0,18,21.36
0.2,7,0,10,2,2,Periodic,2.7,6,2.81
0.2,7,0,10,2,2,RL,3.66,9,5.944399999999999
0.2,7,0,10,2,2,Greedy,4.3,11,8.37
0.2,7,0,10,2,2,Periodic,3.1,8,3.45
0.2,7,0,10,2,2,RL,2.5,8,2.73
0.2,7,0,10,2,2,Greedy,3.72,10,6.681599999999999
0.2,7,0,10,2,2,Periodic,3.26,8,4.192399999999999
0.2,7,0,10,2,2,RL,4.72,16,15.7216
0.2,7,0,10,2,2,Greedy,4.48,11,9.1696
0.2,7,0,10,2,2,Periodic,3.02,8,3.5396000000000005
0.2,7,0,10,2,2,RL,2.8,7,2.4800000000000004
0.2,7,0,10,2,2,Greedy,3.54,10,6.3284
0.2,7,0,10,2,2,Periodic,3.5,10,5.69
0.2,7,0,10,2,2,RL,2.46,5,1.7684
0.2,7,0,10,2,2,Greedy,4.36,14,11.750400000000003
0.2,7,0,10,2,2,Periodic,3.18,8,4.307600000000001
0.2,7,0,10,2,2,RL,4.34,14,11.464400000000001
0.2,7,0,10,2,2,Greedy,3.86,11,7.400400000000001
0.2,7,0,10,2,2,Periodic,2.7,6,2.81
0.2,7,0,10,2,3,RL,3.14,10,5.4803999999999995
0.2,7,0,10,2,3,Greedy,7.48,24,49.0496
0.2,7,0,10,2,3,Periodic,2.68,6,2.8575999999999997
0.2,7,0,10,2,3,RL,5.58,15,15.7236
0.2,7,0,10,2,3,Greedy,3.64,9,6.1503999999999985
0.2,7,0,10,2,3,Periodic,2.92,8,3.6735999999999995
0.2,7,0,10,2,3,RL,3.3,10,6.329999999999999
0.2,7,0,10,2,3,Greedy,5.04,18,23.238400000000002
0.2,7,0,10,2,3,Periodic,2.68,6,2.8575999999999997
0.2,7,0,10,2,3,RL,4.02,10,7.739599999999999
0.2,7,0,10,2,3,Greedy,3.96,11,8.398399999999999
0.2,7,0,10,2,3,Periodic,4.16,12,8.0944
0.2,7,0,10,2,3,RL,4.98,12,11.3796
0.2,7,0,10,2,3,Greedy,3.62,10,7.755599999999999
0.2,7,0,10,2,3,Periodic,2.96,8,3.5984000000000003
0.2,7,0,10,2,3,RL,3.8,9,5.88
0.2,7,0,10,2,3,Greedy,4.6,16,16.16
0.2,7,0,10,2,3,Periodic,2.68,6,2.8575999999999997
0.2,7,0,10,2,3,RL,5.34,16,16.424400000000002
0.2,7,0,10,2,3,Greedy,8.1,26,62.20999999999998
0.2,7,0,10,2,3,Periodic,2.68,6,2.8575999999999997
0.2,7,0,10,2,3,RL,3.28,11,6.7616000000000005
0.2,7,0,10,2,3,Greedy,3.16,10,5.654399999999999
0.2,7,0,10,2,3,Periodic,2.96,8,3.5984000000000003
0.2,7,0,10,2,3,RL,2.26,6,1.5924
0.2,7,0,10,2,3,Greedy,3.6,10,6.88
0.2,7,0,10,2,3,Periodic,3.72,10,6.201599999999998
0.2,7,0,10,2,3,RL,4.06,14,11.5364
0.2,7,0,10,2,3,Greedy,4.54,13,12.168400000000002
0.2,7,0,10,2,3,Periodic,3.72,10,6.2016
0.2,7,0,10,4,1,RL,3.66,9,5.5844000000000005
0.2,7,0,10,4,1,Greedy,3.22,8,4.811599999999999
0.2,7,0,10,4,1,Periodic,2.9,6,2.65
0.2,7,0,10,4,1,RL,3.68,9,5.4176
0.2,7,0,10,4,1,Greedy,4.74,16,15.512400000000003
0.2,7,0,10,4,1,Periodic,3.54,10,5.5684000000000005
0.2,7,0,10,4,1,RL,2.38,6,2.0355999999999996
0.2,7,0,10,4,1,Greedy,3.94,11,8.096400000000001
0.2,7,0,10,4,1,Periodic,2.98,8,3.5396000000000005
0.2,7,0,10,4,1,RL,3.64,9,4.5904
0.2,7,0,10,4,1,Greedy,6.24,19,23.942400000000003
0.2,7,0,10,4,1,Periodic,3.54,10,5.5684000000000005
0.2,7,0,10,4,1,RL,3.84,11,6.0944
0.2,7,0,10,4,1,Greedy,3.38,9,5.355600000000001
0.2,7,0,10,4,1,Periodic,2.74,6,2.7524
0.2,7,0,10,4,1,RL,7.06,23,42.616400000000006
0.2,7,0,10,4,1,Greedy,4.02,11,7.219599999999999
0.2,7,0,10,4,1,Periodic,2.7,6,2.81
0.2,7,0,10,4,1,RL,3.24,9,4.4224000000000006
0.2,7,0,10,4,1,Greedy,4.06,11,7.1364
0.2,7,0,10,4,1,Periodic,4.42,15,13.123600000000001
0.2,7,0,10,4,1,RL,6.26,20,27.792399999999997
0.2,7,0,10,4,1,Greedy,3.78,11,6.931600000000002
0.2,7,0,10,4,1,Periodic,3.02,8,3.5396000000000005
0.2,7,0,10,4,1,RL,3.42,9,4.9236
0.2,7,0,10,4,1,Greedy,5.88,20,29.7056
0.2,7,0,10,4,1,Periodic,2.94,6,2.7363999999999997
0.2,7,0,10,4,1,RL,4.18,10,6.667600000000001
0.2,7,0,10,4,1,Greedy,4.06,11,8.096400000000001
0.2,7,0,10,4,1,Periodic,5.06,16,16.4164
0.2,7,0,10,4,2,RL,3.66,11,6.224399999999999
0.2,7,0,10,4,2,Greedy,4.48,12,9.1696
0.2,7,0,10,4,2,Periodic,3.9,8,5.690000000000001
0.2,7,0,10,4,2,RL,3.4,10,5.839999999999999
0.2,7,0,10,4,2,Greedy,3.6,9,5.6800000000000015
0.2,7,0,10,4,2,Periodic,3.9,8,5.690000000000001
0.2,7,0,10,4,2,RL,3.3,10,4.890000000000001
0.2,7,0,10,4,2,Greedy,3.74,10,6.4724
0.2,7,0,10,4,2,Periodic,3.9,8,5.690000000000001
0.2,7,0,10,4,2,RL,3.2,10,5.000000000000001
0.2,7,0,10,4,2,Greedy,5.48,18,22.0896
0.2,7,0,10,4,2,Periodic,3.9,8,5.690000000000001
0.2,7,0,10,4,2,RL,3.58,11,6.7636
0.2,7,0,10,4,2,Greedy,3.1,7,4.69
0.2,7,0,10,4,2,Periodic,3.9,8,5.690000000000001
0.2,7,0,10,4,2,RL,2.78,6,2.6116
0.2,7,0,10,4,2,Greedy,3.92,11,7.433599999999999
0.2,7,0,10,4,2,Periodic,3.9,8,5.690000000000001
0.2,7,0,10,4,2,RL,3.7,11,6.85
0.2,7,0,10,4,2,Greedy,9.4,28,71.68
0.2,7,0,10,4,2,Periodic,3.9,8,5.690000000000001
0.2,7,0,10,4,2,RL,3.76,10,5.822399999999999
0.2,7,0,10,4,2,Greedy,5.96,17,18.9184
0.2,7,0,10,4,2,Periodic,3.9,8,5.690000000000001
0.2,7,0,10,4,2,RL,2.84,8,3.4944000000000006
0.2,7,0,10,4,2,Greedy,5.84,19,25.2144
0.2,7,0,10,4,2,Periodic,4.22,10,6.611600000000001
0.2,7,0,10,4,2,RL,5.84,17,19.4144
0.2,7,0,10,4,2,Greedy,3.92,10,6.5136
0.2,7,0,10,4,2,Periodic,3.9,8,5.690000000000001
0.2,7,0,10,4,3,RL,3.48,10,6.4096
0.2,7,0,10,4,3,Greedy,3.82,8,6.0676
0.2,7,0,10,4,3,Periodic,3.88,8,5.7856000000000005
0.2,7,0,10,4,3,RL,3.68,11,7.3776
0.2,7,0,10,4,3,Greedy,3.8,8,6.159999999999999
0.2,7,0,10,4,3,Periodic,3.88,8,5.7856000000000005
0.2,7,0,10,4,3,RL,7.28,23,41.721599999999995
0.2,7,0,10,4,3,Greedy,4.16,10,6.9344
0.2,7,0,10,4,3,Periodic,3.88,8,5.7856000000000005
0.2,7,0,10,4,3,RL,7.16,23,42.254400000000004
0.2,7,0,10,4,3,Greedy,4.3,10,7.29
0.2,7,0,10,4,3,Periodic,4.2,10,6.7200000000000015
0.2,7,0,10,4,3,RL,4.04,11,8.9984
0.2,7,0,10,4,3,Greedy,3.8,8,6.159999999999999
0.2,7,0,10,4,3,Periodic,3.88,8,5.7856000000000005
0.2,7,0,10,4,3,RL,2.52,6,2.4896000000000003
0.2,7,0,10,4,3,Greedy,4.36,11,7.6304
0.2,7,0,10,4,3,Periodic,3.88,8,5.7856000000000005
0.2,7,0,10,4,3,RL,5.56,19,26.006400000000003
0.2,7,0,10,4,3,Greedy,4.12,9,6.825599999999998
0.2,7,0,10,4,3,Periodic,3.88,8,5.7856000000000005
0.2,7,0,10,4,3,RL,11.1,31,90.53
0.2,7,0,10,4,3,Greedy,4.3,10,7.29
0.2,7,0,10,4,3,Periodic,3.88,8,5.7856000000000005
0.2,7,0,10,4,3,RL,3.68,10,5.737600000000001
0.2,7,0,10,4,3,Greedy,9.84,28,67.3344
0.2,7,0,10,4,3,Periodic,3.88,8,5.7856000000000005
0.2,7,0,10,4,3,RL,5.16,14,12.5744
0.2,7,0,10,4,3,Greedy,4.3,10,7.29
0.2,7,0,10,4,3,Periodic,3.88,8,5.7856000000000005
0.2,7,5,10,2,1,RL,3.5,11,6.21
0.2,7,5,10,2,1,Greedy,3.98,15,13.539599999999998
0.2,7,5,10,2,1,Periodic,10.22,25,49.0116
0.2,7,5,10,2,1,RL,3.52,10,6.4896
0.2,7,5,10,2,1,Greedy,3.58,9,5.0436000000000005
0.2,7,5,10,2,1,Periodic,6.14,18,23.7604
0.2,7,5,10,2,1,RL,2.94,10,4.1764
0.2,7,5,10,2,1,Greedy,7.2,22,36.96
0.2,7,5,10,2,1,Periodic,4.18,12,11.1876
0.2,7,5,10,2,1,RL,5.9,21,35.01
0.2,7,5,10,2,1,Greedy,3.52,9,5.7696000000000005
0.2,7,5,10,2,1,Periodic,4.38,16,16.2756
0.2,7,5,10,2,1,RL,4.08,12,7.7536000000000005
0.2,7,5,10,2,1,Greedy,9.0,25,47.2
0.2,7,5,10,2,1,Periodic,5.06,16,15.4564
0.2,7,5,10,2,1,RL,3.32,10,4.8976
0.2,7,5,10,2,1,Greedy,4.12,10,7.185600000000001
0.2,7,5,10,2,1,Periodic,3.5,13,9.13
0.2,7,5,10,2,1,RL,4.02,10,7.0196
0.2,7,5,10,2,1,Greedy,4.44,13,10.566400000000002
0.2,7,5,10,2,1,Periodic,2.98,8,3.8596
0.2,7,5,10,2,1,RL,3.96,11,6.078399999999999
0.2,7,5,10,2,1,Greedy,5.4,19,26.08
0.2,7,5,10,2,1,Periodic,4.66,12,10.7844
0.2,7,5,10,2,1,RL,9.04,27,63.3584
0.2,7,5,10,2,1,Greedy,7.02,21,31.9796
0.2,7,5,10,2,1,Periodic,7.62,24,46.9956
0.2,7,5,10,2,1,RL,5.88,19,25.0256
0.2,7,5,10,2,1,Greedy,7.66,17,23.4644
0.2,7,5,10,2,1,Periodic,7.1,20,30.01
0.2,7,5,10,2,2,RL,5.96,17,22.638399999999997
0.2,7,5,10,2,2,Greedy,7.56,23,40.366400000000006
0.2,7,5,10,2,2,Periodic,4.22,12,8.8516
0.2,7,5,10,2,2,RL,13.32,35,123.2176
0.2,7,5,10,2,2,Greedy,6.96,22,37.19839999999999
0.2,7,5,10,2,2,Periodic,3.5,10,5.69
0.2,7,5,10,2,2,RL,6.9,20,29.170000000000005
0.2,7,5,10,2,2,Greedy,4.9,14,11.65
0.2,7,5,10,2,2,Periodic,3.9,12,7.93
0.2,7,5,10,2,2,RL,5.96,17,19.9184
0.2,7,5,10,2,2,Greedy,6.6,19,26.240000000000006
0.2,7,5,10,2,2,Periodic,10.62,30,82.51559999999999
0.2,7,5,10,2,2,RL,3.38,9,4.9956
0.2,7,5,10,2,2,Greedy,5.6,15,14.48
0.2,7,5,10,2,2,Periodic,4.94,14,11.6164
0.2,7,5,10,2,2,RL,4.84,14,13.7344
0.2,7,5,10,2,2,Greedy,10.8,30,81.35999999999999
0.2,7,5,10,2,2,Periodic,4.94,14,11.616399999999999
0.2,7,5,10,2,2,RL,7.04,21,32.998400000000004
0.2,7,5,10,2,2,Greedy,6.18,18,21.147599999999997
0.2,7,5,10,2,2,Periodic,3.5,8,4.73
0.2,7,5,10,2,2,RL,3.98,11,7.779599999999999
0.2,7,5,10,2,2,Greedy,4.34,10,7.344399999999999
0.2,7,5,10,2,2,Periodic,4.14,10,6.8804
0.2,7,5,10,2,2,RL,4.0,13,10.68
0.2,7,5,10,2,2,Greedy,7.22,21,31.0916
0.2,7,5,10,2,2,Periodic,4.14,12,8.1604
0.2,7,5,10,2,2,RL,4.88,13,12.025599999999999
0.2,7,5,10,2,2,Greedy,4.54,12,9.488400000000002
0.2,7,5,10,2,2,Periodic,4.22,12,8.8516
0.2,7,5,10,2,3,RL,3.82,13,9.8676
0.2,7,5,10,2,3,Greedy,7.4,23,41.96000000000001
0.2,7,5,10,2,3,Periodic,4.0,11,7.8
0.2,7,5,10,2,3,RL,4.78,15,15.291599999999999
0.2,7,5,10,2,3,Greedy,3.72,10,6.8016
0.2,7,5,10,2,3,Periodic,3.44,11,6.286400000000001
0.2,7,5,10,2,3,RL,4.98,16,16.5396
0.2,7,5,10,2,3,Greedy,12.04,33,108.3184
0.2,7,5,10,2,3,Periodic,7.04,23,42.7984
0.2,7,5,10,2,3,RL,4.36,14,11.0704
0.2,7,5,10,2,3,Greedy,4.12,13,9.3056
0.2,7,5,10,2,3,Periodic,3.72,10,6.2016
0.2,7,5,10,2,3,RL,3.4,10,5.039999999999999
0.2,7,5,10,2,3,Greedy,4.88,14,13.5856
0.2,7,5,10,2,3,Periodic,5.84,18,22.2544
0.2,7,5,10,2,3,RL,7.96,19,36.0784
0.2,7,5,10,2,3,Greedy,5.86,20,30.000400000000003
0.2,7,5,10,2,3,Periodic,2.76,6,2.8224
0.2,7,5,10,2,3,RL,3.5,9,4.41
0.2,7,5,10,2,3,Greedy,5.44,16,19.4864
0.2,7,5,10,2,3,Periodic,4.04,10,7.2384
0.2,7,5,10,2,3,RL,5.82,18,21.7076
0.2,7,5,10,2,3,Greedy,4.8,16,16.44
0.2,7,5,10,2,3,Periodic,3.48,10,5.7696000000000005
0.2,7,5,10,2,3,RL,4.32,13,10.0976
0.2,7,5,10,2,3,Greedy,7.06,21,32.8164
0.2,7,5,10,2,3,Periodic,3.72,10,6.0416
0.2,7,5,10,2,3,RL,3.48,10,5.929599999999999
0.2,7,5,10,2,3,Greedy,5.62,18,22.715599999999995
0.2,7,5,10,2,3,Periodic,4.28,10,7.401599999999998
0.2,7,5,10,4,1,RL,6.84,21,31.334400000000002
0.2,7,5,10,4,1,Greedy,4.7,13,9.410000000000002
0.2,7,5,10,4,1,Periodic,3.7,12,7.45
0.2,7,5,10,4,1,RL,5.8,16,14.959999999999997
0.2,7,5,10,4,1,Greedy,3.98,10,6.7396
0.2,7,5,10,4,1,Periodic,3.34,10,5.0244
0.2,7,5,10,4,1,RL,5.68,19,24.257600000000004
0.2,7,5,10,4,1,Greedy,4.08,11,7.0336
0.2,7,5,10,4,1,Periodic,4.42,12,9.523599999999998
0.2,7,5,10,4,1,RL,5.24,14,13.062399999999998
0.2,7,5,10,4,1,Greedy,4.46,12,8.2484
0.2,7,5,10,4,1,Periodic,3.26,10,5.152400000000001
0.2,7,5,10,4,1,RL,5.02,13,10.1396
0.2,7,5,10,4,1,Greedy,6.52,20,28.8496
0.2,7,5,10,4,1,Periodic,5.38,16,16.1156
0.2,7,5,10,4,1,RL,4.16,11,6.894399999999999
0.2,7,5,10,4,1,Greedy,5.78,17,19.691599999999998
0.2,7,5,10,4,1,Periodic,5.66,16,18.3844
0.2,7,5,10,4,1,RL,4.82,15,13.387599999999999
0.2,7,5,10,4,1,Greedy,4.42,13,10.1236
0.2,7,5,10,4,1,Periodic,5.14,18,22.080399999999994
0.2,7,5,10,4,1,RL,3.82,9,5.4676
0.2,7,5,10,4,1,Greedy,7.18,18,22.987599999999997
0.2,7,5,10,4,1,Periodic,5.66,16,18.3844
0.2,7,5,10,4,1,RL,3.14,8,3.1603999999999997
0.2,7,5,10,4,1,Greedy,4.9,13,10.21
0.2,7,5,10,4,1,Periodic,5.7,18,21.69
0.2,7,5,10,4,1,RL,4.84,10,7.014399999999999
0.2,7,5,10,4,1,Greedy,5.76,18,21.782400000000003
0.2,7,5,10,4,1,Periodic,2.94,8,3.6164
0.2,7,5,10,4,2,RL,7.16,19,25.2944
0.2,7,5,10,4,2,Greedy,3.9,10,6.850000000000001
0.2,7,5,10,4,2,Periodic,4.54,10,7.3284
0.2,7,5,10,4,2,RL,3.24,8,4.2624
0.2,7,5,10,4,2,Greedy,4.92,13,10.7936
0.2,7,5,10,4,2,Periodic,3.9,8,5.690000000000001
0.2,7,5,10,4,2,RL,4.32,12,9.0176
0.2,7,5,10,4,2,Greedy,4.3,12,8.77
0.2,7,5,10,4,2,Periodic,3.9,8,5.690000000000001
0.2,7,5,10,4,2,RL,4.42,12,8.8436
0.2,7,5,10,4,2,Greedy,7.8,23,39.0
0.2,7,5,10,4,2,Periodic,4.22,10,6.611599999999999
0.2,7,5,10,4,2,RL,3.34,8,4.5444
0.2,7,5,10,4,2,Greedy,4.6,11,7.96
0.2,7,5,10,4,2,Periodic,3.9,8,5.690000000000001
0.2,7,5,10,4,2,RL,10.44,29,73.4864
0.2,7,5,10,4,2,Greedy,4.96,12,9.4784
0.2,7,5,10,4,2,Periodic,4.62,12,8.275599999999999
0.2,7,5,10,4,2,RL,4.38,11,8.515600000000001
0.2,7,5,10,4,2,Greedy,4.4,11,8.28
0.2,7,5,10,4,2,Periodic,5.82,18,20.9476
0.2,7,5,10,4,2,RL,5.54,15,15.8084
0.2,7,5,10,4,2,Greedy,6.82,19,24.947599999999998
0.2,7,5,10,4,2,Periodic,3.9,8,5.690000000000001
0.2,7,5,10,4,2,RL,10.86,30,80.28039999999999
0.2,7,5,10,4,2,Greedy,5.76,17,18.8624
0.2,7,5,10,4,2,Periodic,3.9,8,5.690000000000001
0.2,7,5,10,4,2,RL,6.2,19,24.440000000000005
0.2,7,5,10,4,2,Greedy,6.12,20,28.7456
0.2,7,5,10,4,2,Periodic,3.9,8,5.690000000000001
0.2,7,5,10,4,3,RL,3.72,9,6.2816
0.2,7,5,10,4,3,Greedy,6.1,19,24.570000000000004
0.2,7,5,10,4,3,Periodic,3.88,8,5.7856000000000005
0.2,7,5,10,4,3,RL,3.7,11,7.41
0.2,7,5,10,4,3,Greedy,6.42,18,20.5236
0.2,7,5,10,4,3,Periodic,3.88,8,5.7856000000000005
0.2,7,5,10,4,3,RL,3.82,10,7.0676
0.2,7,5,10,4,3,Greedy,3.8,8,6.159999999999999
0.2,7,5,10,4,3,Periodic,3.88,8,5.7856000000000005
0.2,7,5,10,4,3,RL,5.84,19,24.7744
0.2,7,5,10,4,3,Greedy,5.9,18,21.37
0.2,7,5,10,4,3,Periodic,3.88,8,5.7856000000000005
0.2,7,5,10,4,3,RL,10.66,29,71.70439999999999
0.2,7,5,10,4,3,Greedy,10.82,30,80.2676
0.2,7,5,10,4,3,Periodic,3.88,8,5.7856000000000005
0.2,7,5,10,4,3,RL,5.54,19,25.8884
0.2,7,5,10,4,3,Greedy,6.64,19,23.670400000000004
0.2,7,5,10,4,3,Periodic,4.04,9,6.1184
0.2,7,5,10,4,3,RL,5.16,15,15.814400000000001
0.2,7,5,10,4,3,Greedy,6.82,20,26.827600000000004
0.2,7,5,10,4,3,Periodic,3.88,8,5.7856000000000005
0.2,7,5,10,4,3,RL,4.06,10,7.856399999999999
0.2,7,5,10,4,3,Greedy,6.82,20,26.827600000000004
0.2,7,5,10,4,3,Periodic,3.88,8,5.7856000000000005
0.2,7,5,10,4,3,RL,11.04,31,91.2384
0.2,7,5,10,4,3,Greedy,10.24,29,74.5024
0.2,7,5,10,4,3,Periodic,3.88,8,5.7856000000000005
0.2,7,5,10,4,3,RL,3.66,11,7.5444
0.2,7,5,10,4,3,Greedy,5.76,18,21.4624
0.2,7,5,10,4,3,Periodic,4.2,10,6.7200000000000015
0.2,7,10,10,2,1,RL,5.72,18,20.361600000000003
0.2,7,10,10,2,1,Greedy,4.88,11,8.2256
0.2,7,10,10,2,1,Periodic,12.14,33,106.4004
0.2,7,10,10,2,1,RL,4.34,11,6.984399999999999
0.2,7,10,10,2,1,Greedy,6.7,20,27.970000000000006
0.2,7,10,10,2,1,Periodic,14.78,37,135.6516
0.2,7,10,10,2,1,RL,7.06,21,32.2164
0.2,7,10,10,2,1,Greedy,6.1,19,24.61
0.2,7,10,10,2,1,Periodic,6.42,20,29.2036
0.2,7,10,10,2,1,RL,4.22,14,10.611600000000001
0.2,7,10,10,2,1,Greedy,6.3,16,20.37
0.2,7,10,10,2,1,Periodic,10.38,26,52.755599999999994
0.2,7,10,10,2,1,RL,14.14,36,127.56040000000002
0.2,7,10,10,2,1,Greedy,20.92,45,190.8736
0.2,7,10,10,2,1,Periodic,8.5,26,57.77
0.2,7,10,10,2,1,RL,8.62,22,35.1556
0.2,7,10,10,2,1,Greedy,13.74,35,115.75240000000002
0.2,7,10,10,2,1,Periodic,6.94,20,28.816399999999998
0.2,7,10,10,2,1,RL,5.74,14,15.112399999999997
0.2,7,10,10,2,1,Greedy,6.26,17,17.752399999999998
0.2,7,10,10,2,1,Periodic,4.82,14,12.3076
0.2,7,10,10,2,1,RL,6.8,20,29.8
0.2,7,10,10,2,1,Greedy,7.8,18,25.36
0.2,7,10,10,2,1,Periodic,6.58,16,20.0036
0.2,7,10,10,2,1,RL,3.7,10,4.609999999999999
0.2,7,10,10,2,1,Greedy,11.4,28,60.64
0.2,7,10,10,2,1,Periodic,7.42,20,27.2036
0.2,7,10,10,2,1,RL,7.36,20,26.9904
0.2,7,10,10,2,1,Greedy,7.02,17,22.9396
0.2,7,10,10,2,1,Periodic,5.54,15,17.808400000000002
0.2,7,10,10,2,2,RL,5.56,15,16.846400000000003
0.2,7,10,10,2,2,Greedy,12.66,33,99.1444
0.2,7,10,10,2,2,Periodic,7.26,20,28.832399999999996
0.2,7,10,10,2,2,RL,4.92,14,12.273599999999998
0.2,7,10,10,2,2,Greedy,4.18,11,6.8675999999999995
0.2,7,10,10,2,2,Periodic,6.06,18,22.496400000000005
0.2,7,10,10,2,2,RL,13.06,34,109.4164
0.2,7,10,10,2,2,Greedy,4.7,13,10.570000000000002
0.2,7,10,10,2,2,Periodic,9.66,26,53.02439999999999
0.2,7,10,10,2,2,RL,4.36,13,11.030400000000002
0.2,7,10,10,2,2,Greedy,7.48,22,35.3296
0.2,7,10,10,2,2,Periodic,5.66,16,17.1844
0.2,7,10,10,2,2,RL,3.54,10,5.4884
0.2,7,10,10,2,2,Greedy,4.76,11,8.3024
0.2,7,10,10,2,2,Periodic,6.78,20,28.37159999999999
0.2,7,10,10,2,2,RL,7.22,17,21.7716
0.2,7,10,10,2,2,Greedy,6.38,18,21.0356
0.2,7,10,10,2,2,Periodic,10.38,30,85.3956
0.2,7,10,10,2,2,RL,8.94,26,55.176399999999994
0.2,7,10,10,2,2,Greedy,11.14,29,68.4404
0.2,7,10,10,2,2,Periodic,6.54,18,23.648400000000002
0.2,7,10,10,2,2,RL,12.3,32,90.85
0.2,7,10,10,2,2,Greedy,7.66,20,28.7444
0.2,7,10,10,2,2,Periodic,6.46,20,27.808400000000002
0.2,7,10,10,2,2,RL,5.86,18,21.080400000000004
0.2,7,10,10,2,2,Greedy,6.36,19,24.110400000000006
0.2,7,10,10,2,2,Periodic,6.78,20,28.37159999999999
0.2,7,10,10,2,2,RL,3.66,10,5.784400000000001
0.2,7,10,10,2,2,Greedy,12.66,33,99.14440000000002
0.2,7,10,10,2,2,Periodic,5.66,18,21.984400000000004
0.2,7,10,10,2,3,RL,9.56,28,71.1664
0.2,7,10,10,2,3,Greedy,8.14,25,52.4004
0.2,7,10,10,2,3,Periodic,6.28,18,23.081599999999998
0.2,7,10,10,2,3,RL,4.5,14,12.01
0.2,7,10,10,2,3,Greedy,10.56,29,73.20639999999999
0.2,7,10,10,2,3,Periodic,16.16,39,151.69440000000003
0.2,7,10,10,2,3,RL,4.96,16,15.078399999999998
0.2,7,10,10,2,3,Greedy,6.64,18,22.790399999999998
0.2,7,10,10,2,3,Periodic,7.0,20,28.64
0.2,7,10,10,2,3,RL,7.12,19,25.0656
0.2,7,10,10,2,3,Greedy,6.5,17,20.57
0.2,7,10,10,2,3,Periodic,4.44,13,10.2464
0.2,7,10,10,2,3,RL,4.6,14,12.519999999999998
0.2,7,10,10,2,3,Greedy,5.14,15,14.2404
0.2,7,10,10,2,3,Periodic,7.0,22,36.56
0.2,7,10,10,2,3,RL,7.06,20,30.296400000000002
0.2,7,10,10,2,3,Greedy,5.86,17,19.9204
0.2,7,10,10,2,3,Periodic,7.0,22,36.56
0.2,7,10,10,2,3,RL,6.56,17,22.4864
0.2,7,10,10,2,3,Greedy,5.64,17,19.990399999999998
0.2,7,10,10,2,3,Periodic,5.44,19,25.886399999999995
0.2,7,10,10,2,3,RL,6.58,16,20.043599999999998
0.2,7,10,10,2,3,Greedy,14.02,36,129.9796
0.2,7,10,10,2,3,Periodic,4.72,16,16.161600000000004
0.2,7,10,10,2,3,RL,3.6,10,5.72
0.2,7,10,10,2,3,Greedy,4.88,13,12.1456
0.2,7,10,10,2,3,Periodic,7.88,24,45.465599999999995
0.2,7,10,10,2,3,RL,5.04,16,15.8784
0.2,7,10,10,2,3,Greedy,5.64,17,19.9904
0.2,7,10,10,2,3,Periodic,4.48,16,16.209600000000002
0.2,7,10,10,4,1,RL,4.34,10,6.024400000000001
0.2,7,10,10,4,1,Greedy,6.88,20,26.705600000000004
0.2,7,10,10,4,1,Periodic,7.06,23,42.57640000000001
0.2,7,10,10,4,1,RL,9.66,27,59.944399999999995
0.2,7,10,10,4,1,Greedy,7.02,18,23.6596
0.2,7,10,10,4,1,Periodic,7.06,18,23.216400000000004
0.2,7,10,10,4,1,RL,5.86,18,21.720399999999994
0.2,7,10,10,4,1,Greedy,9.78,28,67.29159999999999
0.2,7,10,10,4,1,Periodic,4.14,13,9.3604
0.2,7,10,10,4,1,RL,6.6,16,21.04
0.2,7,10,10,4,1,Greedy,5.38,16,15.835600000000001
0.2,7,10,10,4,1,Periodic,5.38,16,16.1156
0.2,7,10,10,4,1,RL,4.88,15,12.585600000000001
0.2,7,10,10,4,1,Greedy,7.04,18,23.4384
0.2,7,10,10,4,1,Periodic,7.98,25,52.65960000000001
0.2,7,10,10,4,1,RL,6.18,17,21.3876
0.2,7,10,10,4,1,Greedy,6.76,20,26.422400000000003
0.2,7,10,10,4,1,Periodic,7.54,20,29.1684
0.2,7,10,10,4,1,RL,5.2,13,11.000000000000002
0.2,7,10,10,4,1,Greedy,7.02,19,24.1396
0.2,7,10,10,4,1,Periodic,4.74,16,16.032400000000003
0.2,7,10,10,4,1,RL,5.66,18,21.064399999999996
0.2,7,10,10,4,1,Greedy,5.9,17,19.93
0.2,7,10,10,4,1,Periodic,6.18,16,20.547600000000003
0.2,7,10,10,4,1,RL,6.56,16,19.1664
0.2,7,10,10,4,1,Greedy,12.44,33,101.84640000000002
0.2,7,10,10,4,1,Periodic,7.02,20,28.4196
0.2,7,10,10,4,1,RL,5.4,17,17.840000000000003
0.2,7,10,10,4,1,Greedy,6.74,18,23.0324
0.2,7,10,10,4,1,Periodic,4.02,11,7.699599999999999
0.2,7,10,10,4,2,RL,4.74,12,9.7124
0.2,7,10,10,4,2,Greedy,7.34,20,26.824399999999997
0.2,7,10,10,4,2,Periodic,3.9,8,5.690000000000001
0.2,7,10,10,4,2,RL,4.32,12,9.0176
0.2,7,10,10,4,2,Greedy,5.16,13,10.0944
0.2,7,10,10,4,2,Periodic,4.94,12,8.736399999999998
0.2,7,10,10,4,2,RL,7.86,24,45.64040000000001
0.2,7,10,10,4,2,Greedy,5.32,13,10.0176
0.2,7,10,10,4,2,Periodic,10.86,30,79.5204
0.2,7,10,10,4,2,RL,6.54,19,26.288400000000003
0.2,7,10,10,4,2,Greedy,10.54,28,62.40839999999999
0.2,7,10,10,4,2,Periodic,6.14,18,20.6404
0.2,7,10,10,4,2,RL,7.38,20,30.3156
0.2,7,10,10,4,2,Greedy,6.36,19,23.870400000000007
0.2,7,10,10,4,2,Periodic,4.94,12,8.736399999999998
0.2,7,10,10,4,2,RL,7.04,19,25.518400000000007
0.2,7,10,10,4,2,Greedy,5.8,17,19.2
0.2,7,10,10,4,2,Periodic,4.22,10,6.611599999999999
0.2,7,10,10,4,2,RL,6.52,17,22.2896
0.2,7,10,10,4,2,Greedy,7.5,22,34.29
0.2,7,10,10,4,2,Periodic,6.14,18,20.6404
0.2,7,10,10,4,2,RL,5.74,18,21.352400000000003
0.2,7,10,10,4,2,Greedy,6.6,18,21.960000000000004
0.2,7,10,10,4,2,Periodic,5.82,18,20.9476
0.2,7,10,10,4,2,RL,4.26,12,8.992400000000002
0.2,7,10,10,4,2,Greedy,6.94,18,20.9364
0.2,7,10,10,4,2,Periodic,12.06,32,91.6164
0.2,7,10,10,4,2,RL,6.46,21,32.1684
0.2,7,10,10,4,2,Greedy,4.68,13,9.9776
0.2,7,10,10,4,2,Periodic,6.14,18,20.6404
0.2,7,10,10,4,3,RL,4.24,12,8.7424
0.2,7,10,10,4,3,Greedy,6.48,20,27.7696
0.2,7,10,10,4,3,Periodic,6.92,21,30.7936
0.2,7,10,10,4,3,RL,5.72,16,18.241600000000002
0.2,7,10,10,4,3,Greedy,4.3,10,7.29
0.2,7,10,10,4,3,Periodic,6.52,20,27.369599999999995
0.2,7,10,10,4,3,RL,6.74,20,28.5524
0.2,7,10,10,4,3,Greedy,8.82,21,34.747600000000006
0.2,7,10,10,4,3,Periodic,3.88,8,5.7856000000000005
0.2,7,10,10,4,3,RL,6.52,19,25.249600000000004
0.2,7,10,10,4,3,Greedy,9.7,28,68.53
0.2,7,10,10,4,3,Periodic,4.2,10,6.72
0.2,7,10,10,4,3,RL,6.2,18,23.480000000000004
0.2,7,10,10,4,3,Greedy,6.8,20,26.719999999999995
0.2,7,10,10,4,3,Periodic,6.52,20,27.369599999999995
0.2,7,10,10,4,3,RL,8.6,26,57.8
0.2,7,10,10,4,3,Greedy,10.02,28,65.7396
0.2,7,10,10,4,3,Periodic,5.96,18,20.838399999999996
0.2,7,10,10,4,3,RL,7.28,20,27.641599999999997
0.2,7,10,10,4,3,Greedy,6.08,18,21.193599999999996
0.2,7,10,10,4,3,Periodic,4.04,9,6.1184
0.2,7,10,10,4,3,RL,4.88,12,10.2656
0.2,7,10,10,4,3,Greedy,6.82,20,26.827600000000004
0.2,7,10,10,4,3,Periodic,4.72,11,8.0016
0.2,7,10,10,4,3,RL,7.44,23,40.9664
0.2,7,10,10,4,3,Greedy,4.34,11,7.744400000000001
0.2,7,10,10,4,3,Periodic,5.8,18,21.119999999999994
0.2,7,10,10,4,3,RL,6.36,19,24.1104
0.2,7,10,10,4,3,Greedy,10.22,28,64.09160000000001
0.2,7,10,10,4,3,Periodic,10.28,29,73.8016
0.5,3,0,10,2,1,RL,2.64,9,4.030399999999999
0.5,3,0,10,2,1,Greedy,2.18,7,2.1475999999999997
0.5,3,0,10,2,1,Periodic,2.06,6,1.3763999999999998
0.5,3,0,10,2,1,RL,3.36,8,5.8304
0.5,3,0,10,2,1,Greedy,2.92,9,4.753599999999999
0.5,3,0,10,2,1,Periodic,2.62,10,4.4356
0.5,3,0,10,2,1,RL,5.5,10,8.25
0.5,3,0,10,2,1,Greedy,2.1,6,1.7700000000000002
0.5,3,0,10,2,1,Periodic,1.9,4,0.8899999999999999
0.5,3,0,10,2,1,RL,1.74,4,0.9924
0.5,3,0,10,2,1,Greedy,2.22,7,2.1316
0.5,3,0,10,2,1,Periodic,1.9,4,0.8899999999999999
0.5,3,0,10,2,1,RL,2.52,10,4.4096
0.5,3,0,10,2,1,Greedy,2.14,5,1.7203999999999997
0.5,3,0,10,2,1,Periodic,1.9,4,0.8899999999999999
0.5,3,0,10,2,1,RL,2.16,5,1.3344000000000003
0.5,3,0,10,2,1,Greedy,2.1,7,2.17
0.5,3,0,10,2,1,Periodic,1.9,4,0.8899999999999999
0.5,3,0,10,2,1,RL,4.92,11,6.633599999999999
0.5,3,0,10,2,1,Greedy,2.18,8,2.9476000000000004
0.5,3,0,10,2,1,Periodic,1.9,4,0.8899999999999999
0.5,3,0,10,2,1,RL,2.06,5,1.6563999999999999
0.5,3,0,10,2,1,Greedy,2.44,8,3.4864000000000006
0.5,3,0,10,2,1,Periodic,1.9,4,0.8899999999999999
0.5,3,0,10,2,1,RL,2.58,7,2.923600000000001
0.5,3,0,10,2,1,Greedy,1.86,4,1.0804
0.5,3,0,10,2,1,Periodic,2.06,6,1.3764
0.5,3,0,10,2,1,RL,2.44,7,2.9263999999999997
0.5,3,0,10,2,1,Greedy,2.72,9,4.0816
0.5,3,0,10,2,1,Periodic,1.9,4,0.8899999999999999
0.5,3,0,10,2,2,RL,2.84,8,3.2544000000000004
0.5,3,0,10,2,2,Greedy,2.7,7,3.6500000000000004
0.5,3,0,10,2,2,Periodic,2.7,6,2.81
0.5,3,0,10,2,2,RL,2.18,6,1.6276
0.5,3,0,10,2,2,Greedy,3.34,11,7.064400000000001
0.5,3,0,10,2,2,Periodic,2.7,6,2.81
0.5,3,0,10,2,2,RL,2.52,8,3.7295999999999996
0.5,3,0,10,2,2,Greedy,3.28,9,5.0816
0.5,3,0,10,2,2,Periodic,2.7,6,2.81
0.5,3,0,10,2,2,RL,1.62,4,0.5956000000000001
0.5,3,0,10,2,2,Greedy,2.22,7,2.7316000000000003
0.5,3,0,10,2,2,Periodic,2.7,6,2.81
0.5,3,0,10,2,2,RL,2.02,7,2.0196000000000005
0.5,3,0,10,2,2,Greedy,2.22,7,2.7316000000000003
0.5,3,0,10,2,2,Periodic,2.7,6,2.81
0.5,3,0,10,2,2,RL,2.16,6,1.7744000000000002
0.5,3,0,10,2,2,Greedy,2.4,7,2.64
0.5,3,0,10,2,2,Periodic,2.7,6,2.81
0.5,3,0,10,2,2,RL,2.2,7,2.16
0.5,3,0,10,2,2,Greedy,2.96,8,4.1184
0.5,3,0,10,2,2,Periodic,2.7,6,2.81
0.5,3,0,10,2,2,RL,3.08,9,4.1536
0.5,3,0,10,2,2,Greedy,3.2,9,5.72
0.5,3,0,10,2,2,Periodic,2.7,6,2.81
0.5,3,0,10,2,2,RL,2.3,8,2.89
0.5,3,0,10,2,2,Greedy,2.54,7,3.1283999999999996
0.5,3,0,10,2,2,Periodic,2.7,6,2.81
0.5,3,0,10,2,2,RL,1.82,5,1.0275999999999998
0.5,3,0,10,2,2,Greedy,2.68,8,4.0976
0.5,3,0,10,2,2,Periodic,2.7,6,2.81
0.5,3,0,10,2,3,RL,2.5,9,3.93
0.5,3,0,10,2,3,Greedy,2.98,10,6.4596
0.5,3,0,10,2,3,Periodic,2.68,6,2.8575999999999997
0.5,3,0,10,2,3,RL,2.72,7,3.4816000000000003
0.5,3,0,10,2,3,Greedy,1.96,6,1.8783999999999998
0.5,3,0,10,2,3,Periodic,2.68,6,2.8575999999999997
0.5,3,0,10,2,3,RL,1.62,5,0.8756
0.5,3,0,10,2,3,Greedy,2.62,9,4.155600000000001
0.5,3,0,10,2,3,Periodic,2.68,6,2.8575999999999997
0.5,3,0,10,2,3,RL,2.22,8,2.8915999999999995
0.5,3,0,10,2,3,Greedy,2.32,7,2.7776
0.5,3,0,10,2,3,Periodic,2.68,6,2.8575999999999997
0.5,3,0,10,2,3,RL,2.12,7,2.3056
0.5,3,0,10,2,3,Greedy,2.52,7,3.3295999999999997
0.5,3,0,10,2,3,Periodic,2.68,6,2.8575999999999997
0.5,3,0,10,2,3,RL,2.26,8,2.5923999999999996
0.5,3,0,10,2,3,Greedy,2.7,7,3.29
0.5,3,0,10,2,3,Periodic,2.68,6,2.8575999999999997
0.5,3,0,10,2,3,RL,2.2,7,2.12
0.5,3,0,10,2,3,Greedy,2.46,8,3.3683999999999994
0.5,3,0,10,2,3,Periodic,2.68,6,2.8575999999999997
0.5,3,0,10,2,3,RL,2.76,9,4.2223999999999995
0.5,3,0,10,2,3,Greedy,2.64,8,3.7904
0.5,3,0,10,2,3,Periodic,2.68,6,2.8575999999999997
0.5,3,0,10,2,3,RL,1.96,5,1.1984000000000001
0.5,3,0,10,2,3,Greedy,2.14,6,2.4004
0.5,3,0,10,2,3,Periodic,2.68,6,2.8575999999999997
0.5,3,0,10,2,3,RL,2.38,9,3.5556
0.5,3,0,10,2,3,Greedy,2.36,8,3.1504000000000008
0.5,3,0,10,2,3,Periodic,2.68,6,2.8575999999999997
0.5,3,0,10,4,1,RL,2.76,7,3.1824
0.5,3,0,10,4,1,Greedy,2.94,8,4.2564
0.5,3,0,10,4,1,Periodic,2.7,6,2.81
0.5,3,0,10,4,1,RL,3.5,10,5.25
0.5,3,0,10,4,1,Greedy,2.68,7,3.4576
0.5,3,0,10,4,1,Periodic,2.7,6,2.81
0.5,3,0,10,4,1,RL,2.92,9,4.6335999999999995
0.5,3,0,10,4,1,Greedy,2.96,9,4.678400000000001
0.5,3,0,10,4,1,Periodic,2.7,6,2.81
0.5,3,0,10,4,1,RL,3.28,10,5.2816
0.5,3,0,10,4,1,Greedy,2.8,8,4.0
0.5,3,0,10,4,1,Periodic,2.7,6,2.81
0.5,3,0,10,4,1,RL,3.0,9,4.6
0.5,3,0,10,4,1,Greedy,2.74,7,3.9124
0.5,3,0,10,4,1,Periodic,2.7,6,2.81
0.5,3,0,10,4,1,RL,2.9,7,3.8499999999999996
0.5,3,0,10,4,1,Greedy,2.84,7,3.6944000000000004
0.5,3,0,10,4,1,Periodic,2.7,6,2.81
0.5,3,0,10,4,1,RL,2.66,7,3.5043999999999995
0.5,3,0,10,4,1,Greedy,2.92,8,3.8335999999999997
0.5,3,0,10,4,1,Periodic,2.7,6,2.81
0.5,3,0,10,4,1,RL,3.94,9,5.696400000000001
0.5,3,0,10,4,1,Greedy,2.9,7,3.65
0.5,3,0,10,4,1,Periodic,2.7,6,2.81
0.5,3,0,10,4,1,RL,5.68,20,30.617600000000003
0.5,3,0,10,4,1,Greedy,2.52,6,3.2096
0.5,3,0,10,4,1,Periodic,2.7,6,2.81
0.5,3,0,10,4,1,RL,3.1,7,4.69
0.5,3,0,10,4,1,Greedy,2.86,7,3.6404
0.5,3,0,10,4,1,Periodic,2.7,6,2.81
0.5,3,0,10,4,2,RL,2.48,7,2.4896
0.5,3,0,10,4,2,Greedy,3.1,7,4.69
0.5,3,0,10,4,2,Periodic,3.9,8,5.690000000000001
0.5,3,0,10,4,2,RL,3.3,8,4.73
0.5,3,0,10,4,2,Greedy,3.1,7,4.69
0.5,3,0,10,4,2,Periodic,3.9,8,5.690000000000001
0.5,3,0,10,4,2,RL,2.94,8,3.5764000000000005
0.5,3,0,10,4,2,Greedy,3.1,7,4.69
0.5,3,0,10,4,2,Periodic,3.9,8,5.690000000000001
0.5,3,0,10,4,2,RL,2.24,6,2.5024
0.5,3,0,10,4,2,Greedy,3.1,7,4.69
0.5,3,0,10,4,2,Periodic,3.9,8,5.690000000000001
0.5,3,0,10,4,2,RL,4.34,10,7.864400000000001
0.5,3,0,10,4,2,Greedy,3.1,7,4.69
0.5,3,0,10,4,2,Periodic,3.9,8,5.690000000000001
0.5,3,0,10,4,2,RL,2.54,6,2.7683999999999997
0.5,3,0,10,4,2,Greedy,3.24,8,5.062399999999999
0.5,3,0,10,4,2,Periodic,3.9,8,5.690000000000001
0.5,3,0,10,4,2,RL,2.5,7,3.25
0.5,3,0,10,4,2,Greedy,3.1,7,4.69
0.5,3,0,10,4,2,Periodic,3.9,8,5.690000000000001
0.5,3,0,10,4,2,RL,3.58,9,6.8036
0.5,3,0,10,4,2,Greedy,3.1,7,4.69
0.5,3,0,10,4,2,Periodic,3.9,8,5.690000000000001
0.5,3,0,10,4,2,RL,4.66,15,13.8244
0.5,3,0,10,4,2,Greedy,3.24,8,5.0624
0.5,3,0,10,4,2,Periodic,3.9,8,5.690000000000001
0.5,3,0,10,4,2,RL,2.54,8,3.4084000000000003
0.5,3,0,10,4,2,Greedy,3.1,7,4.69
0.5,3,0,10,4,2,Periodic,3.9,8,5.690000000000001
0.5,3,0,10,4,3,RL,3.1,8,3.85
0.5,3,0,10,4,3,Greedy,3.8,8,6.159999999999999
0.5,3,0,10,4,3,Periodic,3.88,8,5.7856000000000005
0.5,3,0,10,4,3,RL,2.76,7,3.4623999999999997
0.5,3,0,10,4,3,Greedy,3.8,8,6.159999999999999
0.5,3,0,10,4,3,Periodic,3.88,8,5.7856000000000005
0.5,3,0,10,4,3,RL,3.64,9,6.030399999999999
0.5,3,0,10,4,3,Greedy,3.8,8,6.159999999999999
0.5,3,0,10,4,3,Periodic,3.88,8,5.7856000000000005
0.5,3,0,10,4,3,RL,2.6,8,3.68
0.5,3,0,10,4,3,Greedy,3.8,8,6.159999999999999
0.5,3,0,10,4,3,Periodic,3.88,8,5.7856000000000005
0.5,3,0,10,4,3,RL,3.06,9,4.6164
0.5,3,0,10,4,3,Greedy,3.8,8,6.159999999999999
0.5,3,0,10,4,3,Periodic,3.88,8,5.7856000000000005
0.5,3,0,10,4,3,RL,3.46,8,5.768400000000001
0.5,3,0,10,4,3,Greedy,3.8,8,6.159999999999999
0.5,3,0,10,4,3,Periodic,3.88,8,5.7856000000000005
0.5,3,0,10,4,3,RL,3.0,8,4.0
0.5,3,0,10,4,3,Greedy,3.8,8,6.159999999999999
0.5,3,0,10,4,3,Periodic,3.88,8,5.7856000000000005
0.5,3,0,10,4,3,RL,3.0,9,4.76
0.5,3,0,10,4,3,Greedy,3.8,8,6.159999999999999
0.5,3,0,10,4,3,Periodic,3.88,8,5.7856000000000005
0.5,3,0,10,4,3,RL,2.96,8,4.3584000000000005
0.5,3,0,10,4,3,Greedy,3.8,8,6.159999999999999
0.5,3,0,10,4,3,Periodic,3.88,8,5.7856000000000005
0.5,3,0,10,4,3,RL,2.6,7,3.08
0.5,3,0,10,4,3,Greedy,3.8,8,6.159999999999999
0.5,3,0,10,4,3,Periodic,3.88,8,5.7856000000000005
0.5,3,5,10,2,1,RL,2.24,6,1.4224
0.5,3,5,10,2,1,Greedy,2.5,6,2.13
0.5,3,5,10,2,1,Periodic,2.58,8,2.4836
0.5,3,5,10,2,1,RL,2.74,7,2.3524000000000003
0.5,3,5,10,2,1,Greedy,3.3,11,6.33
0.5,3,5,10,2,1,Periodic,2.34,8,2.4643999999999995
0.5,3,5,10,2,1,RL,3.38,9,4.7156
0.5,3,5,10,2,1,Greedy,3.26,10,6.4724
0.5,3,5,10,2,1,Periodic,2.14,6,1.4403999999999997
0.5,3,5,10,2,1,RL,3.1,9,4.01
0.5,3,5,10,2,1,Greedy,2.54,8,2.8084
0.5,3,5,10,2,1,Periodic,2.38,6,1.8756
0.5,3,5,10,2,1,RL,2.6,8,2.5600000000000005
0.5,3,5,10,2,1,Greedy,2.34,7,2.3844
0.5,3,5,10,2,1,Periodic,1.98,4,0.9795999999999999
0.5,3,5,10,2,1,RL,3.58,10,4.8435999999999995
0.5,3,5,10,2,1,Greedy,3.02,9,4.5796
0.5,3,5,10,2,1,Periodic,2.06,4,1.0563999999999998
0.5,3,5,10,2,1,RL,2.84,8,3.4944000000000006
0.5,3,5,10,2,1,Greedy,2.92,10,5.233599999999999
0.5,3,5,10,2,1,Periodic,2.06,6,1.3764
0.5,3,5,10,2,1,RL,2.84,6,2.1744
0.5,3,5,10,2,1,Greedy,2.32,7,2.1376
0.5,3,5,10,2,1,Periodic,2.38,8,2.5155999999999996
0.5,3,5,10,2,1,RL,2.78,7,3.2116
0.5,3,5,10,2,1,Greedy,4.02,11,7.8596
0.5,3,5,10,2,1,Periodic,2.42,8,2.4836
0.5,3,5,10,2,1,RL,2.78,9,3.6515999999999997
0.5,3,5,10,2,1,Greedy,2.28,8,2.8415999999999997
0.5,3,5,10,2,1,Periodic,2.06,4,1.0564
0.5,3,5,10,2,2,RL,1.88,6,1.3056
0.5,3,5,10,2,2,Greedy,3.08,10,5.1536
0.5,3,5,10,2,2,Periodic,2.7,6,2.81
0.5,3,5,10,2,2,RL,4.5,15,13.37
0.5,3,5,10,2,2,Greedy,3.36,12,7.5104
0.5,3,5,10,2,2,Periodic,2.94,8,3.6164000000000005
0.5,3,5,10,2,2,RL,2.62,8,2.9956
0.5,3,5,10,2,2,Greedy,2.74,8,3.1524
0.5,3,5,10,2,2,Periodic,2.7,6,2.81
0.5,3,5,10,2,2,RL,2.44,6,1.7664000000000002
0.5,3,5,10,2,2,Greedy,2.9,7,3.13
0.5,3,5,10,2,2,Periodic,2.7,6,2.81
0.5,3,5,10,2,2,RL,2.2,6,1.48
0.5,3,5,10,2,2,Greedy,3.3,11,6.41
0.5,3,5,10,2,2,Periodic,2.78,6,2.7716
0.5,3,5,10,2,2,RL,2.68,9,4.2176
0.5,3,5,10,2,2,Greedy,2.82,8,3.6675999999999997
0.5,3,5,10,2,2,Periodic,3.34,10,5.0244
0.5,3,5,10,2,2,RL,3.3,12,7.65
0.5,3,5,10,2,2,Greedy,2.88,8,3.5456
0.5,3,5,10,2,2,Periodic,2.94,8,3.6164000000000005
0.5,3,5,10,2,2,RL,1.96,4,1.0783999999999998
0.5,3,5,10,2,2,Greedy,2.76,9,3.8624
0.5,3,5,10,2,2,Periodic,2.78,6,2.7716
0.5,3,5,10,2,2,RL,2.74,8,3.8723999999999994
0.5,3,5,10,2,2,Greedy,3.02,10,4.8996
0.5,3,5,10,2,2,Periodic,2.7,6,2.81
0.5,3,5,10,2,2,RL,2.16,5,1.2944000000000002
0.5,3,5,10,2,2,Greedy,3.24,10,4.7424
0.5,3,5,10,2,2,Periodic,2.7,6,2.81
0.5,3,5,10,2,3,RL,3.5,11,7.33
0.5,3,5,10,2,3,Greedy,3.34,10,6.6244
0.5,3,5,10,2,3,Periodic,2.68,6,2.8575999999999997
0.5,3,5,10,2,3,RL,3.64,10,7.190399999999999
0.5,3,5,10,2,3,Greedy,3.06,9,5.5363999999999995
0.5,3,5,10,2,3,Periodic,2.92,8,3.6735999999999995
0.5,3,5,10,2,3,RL,2.54,6,2.1283999999999996
0.5,3,5,10,2,3,Greedy,2.92,9,4.1936
0.5,3,5,10,2,3,Periodic,2.72,6,2.8015999999999996
0.5,3,5,10,2,3,RL,2.7,9,3.8499999999999996
0.5,3,5,10,2,3,Greedy,3.22,10,6.451599999999998
0.5,3,5,10,2,3,Periodic,2.68,6,2.8575999999999997
0.5,3,5,10,2,3,RL,2.96,9,4.438400000000001
0.5,3,5,10,2,3,Greedy,3.76,13,9.7024
0.5,3,5,10,2,3,Periodic,2.68,6,2.8575999999999997
0.5,3,5,10,2,3,RL,2.34,6,1.7043999999999997
0.5,3,5,10,2,3,Greedy,3.62,11,8.1556
0.5,3,5,10,2,3,Periodic,2.68,6,2.8575999999999997
0.5,3,5,10,2,3,RL,2.04,5,1.1984000000000001
0.5,3,5,10,2,3,Greedy,3.36,10,6.3104
0.5,3,5,10,2,3,Periodic,2.68,6,2.8575999999999997
0.5,3,5,10,2,3,RL,2.62,7,2.7156000000000007
0.5,3,5,10,2,3,Greedy,2.98,10,5.299599999999999
0.5,3,5,10,2,3,Periodic,2.68,6,2.8575999999999997
0.5,3,5,10,2,3,RL,3.3,10,7.05
0.5,3,5,10,2,3,Greedy,3.22,10,6.451599999999998
0.5,3,5,10,2,3,Periodic,2.68,6,2.8575999999999997
0.5,3,5,10,2,3,RL,2.7,7,3.21
0.5,3,5,10,2,3,Greedy,3.84,11,7.9344
0.5,3,5,10,2,3,Periodic,2.68,6,2.8575999999999997
0.5,3,5,10,4,1,RL,3.3,9,5.93
0.5,3,5,10,4,1,Greedy,3.08,8,3.7535999999999996
0.5,3,5,10,4,1,Periodic,2.7,6,2.81
0.5,3,5,10,4,1,RL,4.0,11,6.76
0.5,3,5,10,4,1,Greedy,2.9,8,3.81
0.5,3,5,10,4,1,Periodic,3.26,8,4.1924
0.5,3,5,10,4,1,RL,3.74,11,6.0324
0.5,3,5,10,4,1,Greedy,2.88,7,3.6256
0.5,3,5,10,4,1,Periodic,2.94,8,3.6164
0.5,3,5,10,4,1,RL,3.08,8,3.593600000000001
0.5,3,5,10,4,1,Greedy,2.86,8,3.8404000000000003
0.5,3,5,10,4,1,Periodic,2.7,6,2.81
0.5,3,5,10,4,1,RL,3.92,11,5.913599999999999
0.5,3,5,10,4,1,Greedy,3.12,8,4.5456
0.5,3,5,10,4,1,Periodic,2.94,8,3.6164000000000005
0.5,3,5,10,4,1,RL,3.96,9,6.1984
0.5,3,5,10,4,1,Greedy,2.98,8,4.1396
0.5,3,5,10,4,1,Periodic,2.78,6,2.7716
0.5,3,5,10,4,1,RL,3.18,10,4.747600000000001
0.5,3,5,10,4,1,Greedy,3.12,8,4.345600000000001
0.5,3,5,10,4,1,Periodic,2.7,6,2.81
0.5,3,5,10,4,1,RL,3.54,10,6.5684
0.5,3,5,10,4,1,Greedy,3.72,11,6.7216
0.5,3,5,10,4,1,Periodic,2.7,6,2.81
0.5,3,5,10,4,1,RL,4.16,12,8.294400000000001
0.5,3,5,10,4,1,Greedy,3.8,10,6.96
0.5,3,5,10,4,1,Periodic,2.7,6,2.81
0.5,3,5,10,4,1,RL,4.52,10,7.7696000000000005
0.5,3,5,10,4,1,Greedy,3.36,10,5.550400000000001
0.5,3,5,10,4,1,Periodic,3.02,8,3.5396000000000005
0.5,3,5,10,4,2,RL,2.98,7,3.9396
0.5,3,5,10,4,2,Greedy,3.76,9,6.1024
0.5,3,5,10,4,2,Periodic,3.9,8,5.690000000000001
0.5,3,5,10,4,2,RL,3.18,8,3.907600000000001
0.5,3,5,10,4,2,Greedy,3.54,9,5.888399999999999
0.5,3,5,10,4,2,Periodic,3.9,8,5.690000000000001
0.5,3,5,10,4,2,RL,3.62,9,5.315600000000001
0.5,3,5,10,4,2,Greedy,3.86,10,6.7604
0.5,3,5,10,4,2,Periodic,3.9,8,5.690000000000001
0.5,3,5,10,4,2,RL,3.22,10,5.0116
0.5,3,5,10,4,2,Greedy,3.54,9,5.888399999999999
0.5,3,5,10,4,2,Periodic,3.9,8,5.690000000000001
0.5,3,5,10,4,2,RL,3.48,9,4.729599999999999
0.5,3,5,10,4,2,Greedy,4.54,11,8.288400000000001
0.5,3,5,10,4,2,Periodic,3.9,8,5.690000000000001
0.5,3,5,10,4,2,RL,3.42,10,5.283600000000002
0.5,3,5,10,4,2,Greedy,3.38,8,5.395600000000001
0.5,3,5,10,4,2,Periodic,3.9,8,5.690000000000001
0.5,3,5,10,4,2,RL,3.44,11,6.926400000000001
0.5,3,5,10,4,2,Greedy,3.54,9,5.888399999999999
0.5,3,5,10,4,2,Periodic,3.9,8,5.690000000000001
0.5,3,5,10,4,2,RL,2.78,8,3.5715999999999997
0.5,3,5,10,4,2,Greedy,3.7,9,6.33
0.5,3,5,10,4,2,Periodic,3.9,8,5.690000000000001
0.5,3,5,10,4,2,RL,2.82,7,3.3076
0.5,3,5,10,4,2,Greedy,3.86,10,6.7604
0.5,3,5,10,4,2,Periodic,3.9,8,5.690000000000001
0.5,3,5,10,4,2,RL,2.9,8,3.73
0.5,3,5,10,4,2,Greedy,4.98,17,19.539600000000004
0.5,3,5,10,4,2,Periodic,3.9,8,5.690000000000001
0.5,3,5,10,4,3,RL,2.78,8,3.8515999999999995
0.5,3,5,10,4,3,Greedy,4.12,9,6.8256
0.5,3,5,10,4,3,Periodic,3.88,8,5.7856000000000005
0.5,3,5,10,4,3,RL,3.12,8,4.305599999999999
0.5,3,5,10,4,3,Greedy,3.8,8,6.159999999999999
0.5,3,5,10,4,3,Periodic,3.88,8,5.7856000000000005
0.5,3,5,10,4,3,RL,3.0,9,4.4
0.5,3,5,10,4,3,Greedy,3.96,9,6.518400000000001
0.5,3,5,10,4,3,Periodic,3.88,8,5.7856000000000005
0.5,3,5,10,4,3,RL,2.72,8,3.0816000000000003
0.5,3,5,10,4,3,Greedy,3.96,9,6.518399999999999
0.5,3,5,10,4,3,Periodic,3.88,8,5.7856000000000005
0.5,3,5,10,4,3,RL,2.86,7,3.2004
0.5,3,5,10,4,3,Greedy,3.8,8,6.159999999999999
0.5,3,5,10,4,3,Periodic,3.88,8,5.7856000000000005
0.5,3,5,10,4,3,RL,3.6,9,5.64
0.5,3,5,10,4,3,Greedy,4.3,10,7.29
0.5,3,5,10,4,3,Periodic,3.88,8,5.7856000000000005
0.5,3,5,10,4,3,RL,3.1,8,4.45
0.5,3,5,10,4,3,Greedy,5.74,18,21.632400000000004
0.5,3,5,10,4,3,Periodic,3.88,8,5.7856000000000005
0.5,3,5,10,4,3,RL,2.7,6,2.9300000000000006
0.5,3,5,10,4,3,Greedy,3.8,8,6.159999999999999
0.5,3,5,10,4,3,Periodic,3.88,8,5.7856000000000005
0.5,3,5,10,4,3,RL,3.4,10,5.76
0.5,3,5,10,4,3,Greedy,3.96,9,6.518399999999999
0.5,3,5,10,4,3,Periodic,3.88,8,5.7856000000000005
0.5,3,5,10,4,3,RL,3.18,9,5.507600000000001
0.5,3,5,10,4,3,Greedy,4.12,9,6.8256
0.5,3,5,10,4,3,Periodic,3.88,8,5.7856000000000005
0.5,3,10,10,2,1,RL,3.26,11,5.832400000000002
0.5,3,10,10,2,1,Greedy,3.98,11,9.1796
0.5,3,10,10,2,1,Periodic,3.74,10,6.5124
0.5,3,10,10,2,1,RL,3.7,9,4.7700000000000005
0.5,3,10,10,2,1,Greedy,4.28,11,9.2016
0.5,3,10,10,2,1,Periodic,3.18,10,5.347600000000001
0.5,3,10,10,2,1,RL,3.82,12,8.3476
0.5,3,10,10,2,1,Greedy,5.92,17,19.5136
0.5,3,10,10,2,1,Periodic,3.7,10,6.89
0.5,3,10,10,2,1,RL,3.88,12,7.7056
0.5,3,10,10,2,1,Greedy,6.34,17,20.424400000000002
0.5,3,10,10,2,1,Periodic,3.7,10,6.89
0.5,3,10,10,2,1,RL,4.42,14,10.443599999999998
0.5,3,10,10,2,1,Greedy,5.6,16,17.44
0.5,3,10,10,2,1,Periodic,3.5,10,6.73
0.5,3,10,10,2,1,RL,3.94,11,8.4564
0.5,3,10,10,2,1,Greedy,4.38,11,8.7956
0.5,3,10,10,2,1,Periodic,3.5,10,6.73
0.5,3,10,10,2,1,RL,4.28,14,10.921600000000002
0.5,3,10,10,2,1,Greedy,6.44,19,25.126399999999993
0.5,3,10,10,2,1,Periodic,4.5,14,12.33
0.5,3,10,10,2,1,RL,3.66,10,5.944399999999999
0.5,3,10,10,2,1,Greedy,4.44,12,10.366399999999999
0.5,3,10,10,2,1,Periodic,4.3,14,12.49
0.5,3,10,10,2,1,RL,4.36,14,12.2704
0.5,3,10,10,2,1,Greedy,5.86,17,20.0004
0.5,3,10,10,2,1,Periodic,3.58,10,6.5636
0.5,3,10,10,2,1,RL,4.46,11,8.888399999999999
0.5,3,10,10,2,1,Greedy,4.38,11,9.1156
0.5,3,10,10,2,1,Periodic,3.18,10,5.347600000000001
0.5,3,10,10,2,2,RL,3.74,11,7.272399999999999
0.5,3,10,10,2,2,Greedy,3.96,10,7.2384
0.5,3,10,10,2,2,Periodic,3.9,10,6.65
0.5,3,10,10,2,2,RL,5.14,16,16.680400000000002
0.5,3,10,10,2,2,Greedy,3.82,10,7.0676
0.5,3,10,10,2,2,Periodic,4.06,10,7.136399999999998
0.5,3,10,10,2,2,RL,3.88,10,6.7856
0.5,3,10,10,2,2,Greedy,4.52,15,15.0896
0.5,3,10,10,2,2,Periodic,4.22,12,8.8516
0.5,3,10,10,2,2,RL,5.32,15,15.3776
0.5,3,10,10,2,2,Greedy,3.76,10,6.062399999999999
0.5,3,10,10,2,2,Periodic,5.02,16,16.6596
0.5,3,10,10,2,2,RL,4.64,13,10.9504
0.5,3,10,10,2,2,Greedy,5.6,16,17.64
0.5,3,10,10,2,2,Periodic,3.9,10,6.65
0.5,3,10,10,2,2,RL,3.4,9,4.919999999999999
0.5,3,10,10,2,2,Greedy,4.72,15,14.2416
0.5,3,10,10,2,2,Periodic,3.58,10,5.5236
0.5,3,10,10,2,2,RL,4.06,11,8.8564
0.5,3,10,10,2,2,Greedy,5.72,17,19.6416
0.5,3,10,10,2,2,Periodic,4.06,10,7.136399999999998
0.5,3,10,10,2,2,RL,5.58,18,22.523600000000002
0.5,3,10,10,2,2,Greedy,5.72,17,19.6416
0.5,3,10,10,2,2,Periodic,3.9,10,6.65
0.5,3,10,10,2,2,RL,5.76,18,22.862400000000008
0.5,3,10,10,2,2,Greedy,4.48,11,8.769600000000002
0.5,3,10,10,2,2,Periodic,6.22,18,21.011599999999998
0.5,3,10,10,2,2,RL,3.66,10,7.6244000000000005
0.5,3,10,10,2,2,Greedy,6.0,15,13.0
0.5,3,10,10,2,2,Periodic,4.46,12,8.9284
0.5,3,10,10,2,3,RL,4.02,12,8.899600000000001
0.5,3,10,10,2,3,Greedy,6.4,18,23.72
0.5,3,10,10,2,3,Periodic,3.52,10,5.649600000000001
0.5,3,10,10,2,3,RL,4.16,14,12.094400000000002
0.5,3,10,10,2,3,Greedy,6.28,16,21.4016
0.5,3,10,10,2,3,Periodic,3.88,10,6.5855999999999995
0.5,3,10,10,2,3,RL,5.12,14,13.5456
0.5,3,10,10,2,3,Greedy,5.38,16,19.915600000000005
0.5,3,10,10,2,3,Periodic,5.04,16,16.558400000000002
0.5,3,10,10,2,3,RL,4.48,12,8.649600000000001
0.5,3,10,10,2,3,Greedy,4.92,13,13.2336
0.5,3,10,10,2,3,Periodic,3.84,10,6.814400000000001
0.5,3,10,10,2,3,RL,4.44,13,10.2864
0.5,3,10,10,2,3,Greedy,5.92,16,19.3936
0.5,3,10,10,2,3,Periodic,6.04,18,21.238400000000002
0.5,3,10,10,2,3,RL,3.12,8,3.9455999999999993
0.5,3,10,10,2,3,Greedy,5.86,17,21.120400000000004
0.5,3,10,10,2,3,Periodic,3.84,10,6.814400000000001
0.5,3,10,10,2,3,RL,3.84,10,6.894399999999999
0.5,3,10,10,2,3,Greedy,5.14,13,14.760399999999999
0.5,3,10,10,2,3,Periodic,3.84,10,6.814400000000001
0.5,3,10,10,2,3,RL,3.62,10,5.8755999999999995
0.5,3,10,10,2,3,Greedy,6.26,17,21.0724
0.5,3,10,10,2,3,Periodic,3.84,10,6.814400000000001
0.5,3,10,10,2,3,RL,3.7,9,6.21
0.5,3,10,10,2,3,Greedy,6.36,16,19.3104
0.5,3,10,10,2,3,Periodic,5.4,16,16.4
0.5,3,10,10,2,3,RL,3.9,11,7.57
0.5,3,10,10,2,3,Greedy,5.2,16,20.56
0.5,3,10,10,2,3,Periodic,3.88,10,6.5855999999999995
0.5,3,10,10,4,1,RL,5.18,16,15.9476
0.5,3,10,10,4,1,Greedy,4.64,11,8.7904
0.5,3,10,10,4,1,Periodic,3.54,10,5.5684000000000005
0.5,3,10,10,4,1,RL,5.5,17,18.45
0.5,3,10,10,4,1,Greedy,5.7,16,17.21
0.5,3,10,10,4,1,Periodic,5.78,16,16.531599999999997
0.5,3,10,10,4,1,RL,5.26,14,11.9924
0.5,3,10,10,4,1,Greedy,5.56,17,18.366400000000002
0.5,3,10,10,4,1,Periodic,3.98,10,6.499599999999999
0.5,3,10,10,4,1,RL,3.54,8,4.288399999999999
0.5,3,10,10,4,1,Greedy,5.16,16,16.0944
0.5,3,10,10,4,1,Periodic,3.66,10,5.4243999999999994
0.5,3,10,10,4,1,RL,4.88,12,8.385600000000002
0.5,3,10,10,4,1,Greedy,3.92,10,6.7936000000000005
0.5,3,10,10,4,1,Periodic,4.26,11,7.8724
0.5,3,10,10,4,1,RL,4.28,10,5.961599999999999
0.5,3,10,10,4,1,Greedy,5.92,16,17.5136
0.5,3,10,10,4,1,Periodic,3.54,10,5.5684000000000005
0.5,3,10,10,4,1,RL,5.44,15,14.886399999999997
0.5,3,10,10,4,1,Greedy,3.84,10,6.3344
0.5,3,10,10,4,1,Periodic,3.98,10,6.499599999999999
0.5,3,10,10,4,1,RL,4.82,11,8.9076
0.5,3,10,10,4,1,Greedy,5.12,16,16.3456
0.5,3,10,10,4,1,Periodic,3.98,10,6.499599999999999
0.5,3,10,10,4,1,RL,3.86,10,6.6404
0.5,3,10,10,4,1,Greedy,4.84,12,9.6944
0.5,3,10,10,4,1,Periodic,5.18,16,15.907599999999997
0.5,3,10,10,4,1,RL,4.32,11,8.2976
0.5,3,10,10,4,1,Greedy,4.98,12,9.9396
0.5,3,10,10,4,1,Periodic,3.54,10,5.5684000000000005
0.5,3,10,10,4,2,RL,7.4,23,41.0
0.5,3,10,10,4,2,Greedy,6.6,17,19.08
0.5,3,10,10,4,2,Periodic,4.22,10,6.611599999999999
0.5,3,10,10,4,2,RL,4.76,15,13.902399999999998
0.5,3,10,10,4,2,Greedy,6.22,19,24.371600000000004
0.5,3,10,10,4,2,Periodic,4.22,10,6.611599999999999
0.5,3,10,10,4,2,RL,4.14,10,7.5203999999999995
0.5,3,10,10,4,2,Greedy,4.08,10,7.393599999999999
0.5,3,10,10,4,2,Periodic,4.54,10,7.328399999999999
0.5,3,10,10,4,2,RL,3.7,9,5.53
0.5,3,10,10,4,2,Greedy,4.84,10,8.2544
0.5,3,10,10,4,2,Periodic,4.54,10,7.328399999999999
0.5,3,10,10,4,2,RL,5.12,12,9.705599999999999
0.5,3,10,10,4,2,Greedy,4.54,10,8.208400000000001
0.5,3,10,10,4,2,Periodic,4.54,10,7.328399999999999
0.5,3,10,10,4,2,RL,4.8,12,9.36
0.5,3,10,10,4,2,Greedy,6.14,17,18.720399999999998
0.5,3,10,10,4,2,Periodic,4.54,10,7.328399999999999
0.5,3,10,10,4,2,RL,3.4,8,4.5600000000000005
0.5,3,10,10,4,2,Greedy,5.94,17,18.7364
0.5,3,10,10,4,2,Periodic,4.54,10,7.328399999999999
0.5,3,10,10,4,2,RL,4.54,12,10.848400000000002
0.5,3,10,10,4,2,Greedy,5.52,17,18.9296
0.5,3,10,10,4,2,Periodic,4.86,10,7.8404
0.5,3,10,10,4,2,RL,4.08,10,6.953599999999999
0.5,3,10,10,4,2,Greedy,4.74,11,8.7524
0.5,3,10,10,4,2,Periodic,4.54,10,7.328399999999999
0.5,3,10,10,4,2,RL,3.56,10,5.686399999999999
0.5,3,10,10,4,2,Greedy,5.48,17,19.209600000000002
0.5,3,10,10,4,2,Periodic,6.86,20,26.400400000000005
0.5,3,10,10,4,3,RL,4.3,12,8.250000000000002
0.5,3,10,10,4,3,Greedy,6.6,19,23.400000000000006
0.5,3,10,10,4,3,Periodic,4.2,10,6.7200000000000015
0.5,3,10,10,4,3,RL,5.1,15,15.49
0.5,3,10,10,4,3,Greedy,4.3,10,7.29
0.5,3,10,10,4,3,Periodic,4.52,10,7.4496
0.5,3,10,10,4,3,RL,5.12,15,15.345599999999997
0.5,3,10,10,4,3,Greedy,6.82,20,26.827599999999997
0.5,3,10,10,4,3,Periodic,4.2,10,6.7200000000000015
0.5,3,10,10,4,3,RL,4.76,15,13.1824
0.5,3,10,10,4,3,Greedy,4.3,10,7.29
0.5,3,10,10,4,3,Periodic,4.2,10,6.7200000000000015
0.5,3,10,10,4,3,RL,5.02,15,13.4596
0.5,3,10,10,4,3,Greedy,4.48,10,7.689600000000001
0.5,3,10,10,4,3,Periodic,4.52,10,7.4496
0.5,3,10,10,4,3,RL,4.5,11,8.69
0.5,3,10,10,4,3,Greedy,4.64,10,7.8304
0.5,3,10,10,4,3,Periodic,4.52,10,7.4496
0.5,3,10,10,4,3,RL,4.9,16,16.89
0.5,3,10,10,4,3,Greedy,4.64,10,7.8304
0.5,3,10,10,4,3,Periodic,4.2,10,6.7200000000000015
0.5,3,10,10,4,3,RL,3.54,10,6.2884
0.5,3,10,10,4,3,Greedy,6.08,18,21.1936
0.5,3,10,10,4,3,Periodic,4.36,10,6.950400000000001
0.5,3,10,10,4,3,RL,5.06,15,14.496400000000001
0.5,3,10,10,4,3,Greedy,4.48,10,7.689600000000001
0.5,3,10,10,4,3,Periodic,4.2,10,6.7200000000000015
0.5,3,10,10,4,3,RL,3.68,10,6.057600000000001
0.5,3,10,10,4,3,Greedy,6.08,18,21.1936
0.5,3,10,10,4,3,Periodic,4.2,10,6.7200000000000015
0.5,5,0,10,2,1,RL,2.2,7,2.3600000000000003
0.5,5,0,10,2,1,Greedy,2.68,9,3.8576000000000006
0.5,5,0,10,2,1,Periodic,1.94,4,0.8963999999999999
0.5,5,0,10,2,1,RL,1.48,3,0.5695999999999999
0.5,5,0,10,2,1,Greedy,2.22,7,2.2516
0.5,5,0,10,2,1,Periodic,1.9,4,0.8899999999999999
0.5,5,0,10,2,1,RL,3.06,11,6.5764
0.5,5,0,10,2,1,Greedy,1.82,5,1.2275999999999998
0.5,5,0,10,2,1,Periodic,1.9,4,0.8899999999999999
0.5,5,0,10,2,1,RL,2.62,6,2.2356
0.5,5,0,10,2,1,Greedy,2.06,6,1.8964
0.5,5,0,10,2,1,Periodic,1.9,4,0.8899999999999999
0.5,5,0,10,2,1,RL,2.08,6,2.0335999999999994
0.5,5,0,10,2,1,Greedy,1.94,6,1.5764000000000002
0.5,5,0,10,2,1,Periodic,1.9,4,0.8899999999999999
0.5,5,0,10,2,1,RL,1.64,4,0.9104000000000001
0.5,5,0,10,2,1,Greedy,1.82,5,1.3475999999999997
0.5,5,0,10,2,1,Periodic,1.9,4,0.8899999999999999
0.5,5,0,10,2,1,RL,2.0,5,1.08
0.5,5,0,10,2,1,Greedy,2.76,9,4.7824
0.5,5,0,10,2,1,Periodic,1.9,4,0.8899999999999999
0.5,5,0,10,2,1,RL,2.14,8,3.0003999999999995
0.5,5,0,10,2,1,Greedy,2.02,6,1.8196
0.5,5,0,10,2,1,Periodic,1.9,4,0.8899999999999999
0.5,5,0,10,2,1,RL,3.1,7,2.93
0.5,5,0,10,2,1,Greedy,1.84,5,1.4544000000000004
0.5,5,0,10,2,1,Periodic,1.9,4,0.8899999999999999
0.5,5,0,10,2,1,RL,2.0,6,1.64
0.5,5,0,10,2,1,Greedy,2.06,5,1.4964000000000002
0.5,5,0,10,2,1,Periodic,1.9,4,0.8899999999999999
0.5,5,0,10,2,2,RL,2.5,8,3.37
0.5,5,0,10,2,2,Greedy,2.0,5,2.0
0.5,5,0,10,2,2,Periodic,2.7,6,2.81
0.5,5,0,10,2,2,RL,2.02,5,1.4196
0.5,5,0,10,2,2,Greedy,2.12,6,2.2656
0.5,5,0,10,2,2,Periodic,2.7,6,2.81
0.5,5,0,10,2,2,RL,2.54,9,3.6083999999999996
0.5,5,0,10,2,2,Greedy,2.5,7,3.29
0.5,5,0,10,2,2,Periodic,2.7,6,2.81
0.5,5,0,10,2,2,RL,2.48,8,2.8496000000000006
0.5,5,0,10,2,2,Greedy,2.1,6,2.29
0.5,5,0,10,2,2,Periodic,2.7,6,2.81
0.5,5,0,10,2,2,RL,2.26,6,2.5524
0.5,5,0,10,2,2,Greedy,2.22,7,2.7316000000000007
0.5,5,0,10,2,2,Periodic,2.7,6,2.81
0.5,5,0,10,2,2,RL,2.62,10,4.7956
0.5,5,0,10,2,2,Greedy,2.88,9,5.145600000000001
0.5,5,0,10,2,2,Periodic,2.7,6,2.81
0.5,5,0,10,2,2,RL,2.6,7,3.44
0.5,5,0,10,2,2,Greedy,2.0,5,2.0
0.5,5,0,10,2,2,Periodic,2.7,6,2.81
0.5,5,0,10,2,2,RL,2.32,6,2.0176
0.5,5,0,10,2,2,Greedy,2.42,6,2.3636000000000004
0.5,5,0,10,2,2,Periodic,2.7,6,2.81
0.5,5,0,10,2,2,RL,2.0,5,1.48
0.5,5,0,10,2,2,Greedy,2.02,5,1.9796
0.5,5,0,10,2,2,Periodic,2.7,6,2.81
0.5,5,0,10,2,2,RL,2.5,8,3.01
0.5,5,0,10,2,2,Greedy,2.36,8,3.350400000000001
0.5,5,0,10,2,2,Periodic,2.7,6,2.81
0.5,5,0,10,2,3,RL,2.94,8,3.8564000000000003
0.5,5,0,10,2,3,Greedy,2.24,7,2.3824
0.5,5,0,10,2,3,Periodic,2.68,6,2.8575999999999997
0.5,5,0,10,2,3,RL,2.66,8,3.0244
0.5,5,0,10,2,3,Greedy,1.98,6,1.8596000000000001
0.5,5,0,10,2,3,Periodic,2.68,6,2.8575999999999997
0.5,5,0,10,2,3,RL,2.46,7,2.2084
0.5,5,0,10,2,3,Greedy,1.98,6,1.6195999999999997
0.5,5,0,10,2,3,Periodic,2.68,6,2.8575999999999997
0.5,5,0,10,2,3,RL,1.94,5,1.0564000000000002
0.5,5,0,10,2,3,Greedy,2.58,9,4.2036
0.5,5,0,10,2,3,Periodic,2.68,6,2.8575999999999997
0.5,5,0,10,2,3,RL,1.86,7,1.8003999999999996
0.5,5,0,10,2,3,Greedy,1.9,7,1.81
0.5,5,0,10,2,3,Periodic,2.68,6,2.8575999999999997
0.5,5,0,10,2,3,RL,2.44,7,2.4063999999999997
0.5,5,0,10,2,3,Greedy,2.22,8,3.011600000000001
0.5,5,0,10,2,3,Periodic,2.68,6,2.8575999999999997
0.5,5,0,10,2,3,RL,2.0,5,1.28
0.5,5,0,10,2,3,Greedy,1.8,5,1.04
0.5,5,0,10,2,3,Periodic,2.68,6,2.8575999999999997
0.5,5,0,10,2,3,RL,1.82,4,1.0276
0.5,5,0,10,2,3,Greedy,2.38,9,3.8756000000000004
0.5,5,0,10,2,3,Periodic,2.68,6,2.8575999999999997
0.5,5,0,10,2,3,RL,1.76,5,0.9424000000000001
0.5,5,0,10,2,3,Greedy,1.86,6,1.3603999999999996
0.5,5,0,10,2,3,Periodic,2.68,6,2.8575999999999997
0.5,5,0,10,2,3,RL,2.68,9,4.7376
0.5,5,0,10,2,3,Greedy,2.28,7,2.8015999999999996
0.5,5,0,10,2,3,Periodic,2.68,6,2.8575999999999997
0.5,5,0,10,4,1,RL,3.56,10,6.766400000000001
0.5,5,0,10,4,1,Greedy,2.78,8,4.0516
0.5,5,0,10,4,1,Periodic,2.7,6,2.81
0.5,5,0,10,4,1,RL,2.62,6,2.5956
0.5,5,0,10,4,1,Greedy,2.5,6,3.25
0.5,5,0,10,4,1,Periodic,2.7,6,2.81
0.5,5,0,10,4,1,RL,4.6,9,7.439999999999999
0.5,5,0,10,4,1,Greedy,2.5,6,3.25
0.5,5,0,10,4,1,Periodic,2.7,6,2.81
0.5,5,0,10,4,1,RL,2.5,6,2.85
0.5,5,0,10,4,1,Greedy,2.5,6,3.25
0.5,5,0,10,4,1,Periodic,2.7,6,2.81
0.5,5,0,10,4,1,RL,2.52,6,2.4095999999999997
0.5,5,0,10,4,1,Greedy,2.5,6,3.25
0.5,5,0,10,4,1,Periodic,2.7,6,2.81
0.5,5,0,10,4,1,RL,2.44,7,3.3664
0.5,5,0,10,4,1,Greedy,2.52,6,3.2096
0.5,5,0,10,4,1,Periodic,2.7,6,2.81
0.5,5,0,10,4,1,RL,3.52,9,5.209599999999999
0.5,5,0,10,4,1,Greedy,2.5,6,3.25
0.5,5,0,10,4,1,Periodic,2.7,6,2.81
0.5,5,0,10,4,1,RL,2.8,8,3.8
0.5,5,0,10,4,1,Greedy,2.64,7,3.5504000000000002
0.5,5,0,10,4,1,Periodic,2.7,6,2.81
0.5,5,0,10,4,1,RL,2.4,6,3.04
0.5,5,0,10,4,1,Greedy,2.62,7,3.5956000000000006
0.5,5,0,10,4,1,Periodic,2.7,6,2.81
0.5,5,0,10,4,1,RL,4.36,10,7.8304
0.5,5,0,10,4,1,Greedy,2.72,7,3.4016000000000006
0.5,5,0,10,4,1,Periodic,2.7,6,2.81
0.5,5,0,10,4,2,RL,3.08,9,4.7136000000000005
0.5,5,0,10,4,2,Greedy,3.1,7,4.69
0.5,5,0,10,4,2,Periodic,3.9,8,5.690000000000001
0.5,5,0,10,4,2,RL,3.12,11,6.3856
0.5,5,0,10,4,2,Greedy,3.1,7,4.69
0.5,5,0,10,4,2,Periodic,3.9,8,5.690000000000001
0.5,5,0,10,4,2,RL,3.1,10,5.25
0.5,5,0,10,4,2,Greedy,3.1,7,4.69
0.5,5,0,10,4,2,Periodic,3.9,8,5.690000000000001
0.5,5,0,10,4,2,RL,2.22,6,2.2916
0.5,5,0,10,4,2,Greedy,3.1,7,4.69
0.5,5,0,10,4,2,Periodic,3.9,8,5.690000000000001
0.5,5,0,10,4,2,RL,2.38,6,2.6756
0.5,5,0,10,4,2,Greedy,3.1,7,4.69
0.5,5,0,10,4,2,Periodic,3.9,8,5.690000000000001
0.5,5,0,10,4,2,RL,2.66,9,4.264399999999999
0.5,5,0,10,4,2,Greedy,3.1,7,4.69
0.5,5,0,10,4,2,Periodic,3.9,8,5.690000000000001
0.5,5,0,10,4,2,RL,2.76,7,3.6624
0.5,5,0,10,4,2,Greedy,3.1,7,4.69
0.5,5,0,10,4,2,Periodic,3.9,8,5.690000000000001
0.5,5,0,10,4,2,RL,3.94,11,6.736400000000001
0.5,5,0,10,4,2,Greedy,3.1,7,4.69
0.5,5,0,10,4,2,Periodic,3.9,8,5.690000000000001
0.5,5,0,10,4,2,RL,2.64,6,2.9504000000000006
0.5,5,0,10,4,2,Greedy,3.1,7,4.69
0.5,5,0,10,4,2,Periodic,3.9,8,5.690000000000001
0.5,5,0,10,4,2,RL,2.52,8,3.4495999999999993
0.5,5,0,10,4,2,Greedy,3.1,7,4.69
0.5,5,0,10,4,2,Periodic,3.9,8,5.690000000000001
0.5,5,0,10,4,3,RL,2.1,6,2.29
0.5,5,0,10,4,3,Greedy,3.8,8,6.159999999999999
0.5,5,0,10,4,3,Periodic,3.88,8,5.7856000000000005
0.5,5,0,10,4,3,RL,2.72,7,3.201600000000001
0.5,5,0,10,4,3,Greedy,3.8,8,6.159999999999999
0.5,5,0,10,4,3,Periodic,3.88,8,5.7856000000000005
0.5,5,0,10,4,3,RL,2.34,6,2.3844000000000003
0.5,5,0,10,4,3,Greedy,3.8,8,6.159999999999999
0.5,5,0,10,4,3,Periodic,3.88,8,5.7856000000000005
0.5,5,0,10,4,3,RL,2.92,10,5.433599999999999
0.5,5,0,10,4,3,Greedy,3.8,8,6.159999999999999
0.5,5,0,10,4,3,Periodic,3.88,8,5.7856000000000005
0.5,5,0,10,4,3,RL,2.38,7,2.8756
0.5,5,0,10,4,3,Greedy,3.8,8,6.159999999999999
0.5,5,0,10,4,3,Periodic,3.88,8,5.7856000000000005
0.5,5,0,10,4,3,RL,2.64,7,2.9104
0.5,5,0,10,4,3,Greedy,3.8,8,6.159999999999999
0.5,5,0,10,4,3,Periodic,3.88,8,5.7856000000000005
0.5,5,0,10,4,3,RL,2.22,6,2.5315999999999996
0.5,5,0,10,4,3,Greedy,3.8,8,6.159999999999999
0.5,5,0,10,4,3,Periodic,3.88,8,5.7856000000000005
0.5,5,0,10,4,3,RL,2.18,6,2.2276
0.5,5,0,10,4,3,Greedy,3.8,8,6.159999999999999
0.5,5,0,10,4,3,Periodic,3.88,8,5.7856000000000005
0.5,5,0,10,4,3,RL,2.64,6,2.750400000000001
0.5,5,0,10,4,3,Greedy,3.8,8,6.159999999999999
0.5,5,0,10,4,3,Periodic,3.88,8,5.7856000000000005
0.5,5,0,10,4,3,RL,2.7,7,2.61
0.5,5,0,10,4,3,Greedy,3.8,8,6.159999999999999
0.5,5,0,10,4,3,Periodic,3.88,8,5.7856000000000005
0.5,5,5,10,2,1,RL,2.94,7,3.4564
0.5,5,5,10,2,1,Greedy,3.7,11,8.09
0.5,5,5,10,2,1,Periodic,1.9,4,0.8899999999999999
0.5,5,5,10,2,1,RL,2.48,6,1.6496000000000002
0.5,5,5,10,2,1,Greedy,3.26,10,5.3124
0.5,5,5,10,2,1,Periodic,1.9,4,0.8899999999999999
0.5,5,5,10,2,1,RL,3.14,9,3.840399999999999
0.5,5,5,10,2,1,Greedy,2.34,6,2.0644
0.5,5,5,10,2,1,Periodic,2.46,8,2.8484
0.5,5,5,10,2,1,RL,3.04,11,6.798400000000002
0.5,5,5,10,2,1,Greedy,2.54,8,3.1283999999999996
0.5,5,5,10,2,1,Periodic,2.14,6,1.4404
0.5,5,5,10,2,1,RL,2.42,7,2.5236
0.5,5,5,10,2,1,Greedy,2.2,5,1.4400000000000004
0.5,5,5,10,2,1,Periodic,1.98,4,0.9795999999999999
0.5,5,5,10,2,1,RL,2.84,8,3.7744
0.5,5,5,10,2,1,Greedy,1.94,5,1.2963999999999998
0.5,5,5,10,2,1,Periodic,2.26,7,1.8724
0.5,5,5,10,2,1,RL,2.34,6,1.5444
0.5,5,5,10,2,1,Greedy,3.18,10,6.547600000000002
0.5,5,5,10,2,1,Periodic,2.86,10,4.6404000000000005
0.5,5,5,10,2,1,RL,2.42,6,1.6036000000000001
0.5,5,5,10,2,1,Greedy,3.08,9,5.1536
0.5,5,5,10,2,1,Periodic,2.3,8,2.49
0.5,5,5,10,2,1,RL,2.78,8,3.6115999999999997
0.5,5,5,10,2,1,Greedy,2.2,5,1.36
0.5,5,5,10,2,1,Periodic,1.9,4,0.8899999999999999
0.5,5,5,10,2,1,RL,2.32,7,1.7375999999999998
0.5,5,5,10,2,1,Greedy,2.6,8,3.5600000000000005
0.5,5,5,10,2,1,Periodic,1.9,4,0.8899999999999999
0.5,5,5,10,2,2,RL,2.66,7,3.0244
0.5,5,5,10,2,2,Greedy,2.72,8,4.441599999999999
0.5,5,5,10,2,2,Periodic,2.7,6,2.81
0.5,5,5,10,2,2,RL,1.86,6,1.2404
0.5,5,5,10,2,2,Greedy,2.66,7,2.6244
0.5,5,5,10,2,2,Periodic,2.7,6,2.81
0.5,5,5,10,2,2,RL,3.32,11,6.6975999999999996
0.5,5,5,10,2,2,Greedy,2.96,8,4.038399999999999
0.5,5,5,10,2,2,Periodic,2.7,6,2.81
0.5,5,5,10,2,2,RL,2.3,6,2.05
0.5,5,5,10,2,2,Greedy,3.46,11,6.328399999999999
0.5,5,5,10,2,2,Periodic,2.7,6,2.81
0.5,5,5,10,2,2,RL,3.28,12,7.2816
0.5,5,5,10,2,2,Greedy,2.54,7,2.7283999999999997
0.5,5,5,10,2,2,Periodic,2.7,6,2.81
0.5,5,5,10,2,2,RL,3.04,10,6.2784
0.5,5,5,10,2,2,Greedy,3.92,10,6.7536000000000005
0.5,5,5,10,2,2,Periodic,2.7,6,2.81
0.5,5,5,10,2,2,RL,2.32,6,1.7776000000000003
0.5,5,5,10,2,2,Greedy,3.06,8,4.6564
0.5,5,5,10,2,2,Periodic,2.7,6,2.81
0.5,5,5,10,2,2,RL,2.12,6,1.7856
0.5,5,5,10,2,2,Greedy,3.2,9,4.720000000000001
0.5,5,5,10,2,2,Periodic,2.7,6,2.81
0.5,5,5,10,2,2,RL,3.22,10,6.3716
0.5,5,5,10,2,2,Greedy,2.96,10,4.9584
0.5,5,5,10,2,2,Periodic,2.7,6,2.81
0.5,5,5,10,2,2,RL,3.32,12,7.1376
0.5,5,5,10,2,2,Greedy,3.0,8,4.72
0.5,5,5,10,2,2,Periodic,2.94,8,3.6164
0.5,5,5,10,2,3,RL,2.32,7,2.9776
0.5,5,5,10,2,3,Greedy,3.06,10,5.3763999999999985
0.5,5,5,10,2,3,Periodic,2.68,6,2.8575999999999997
0.5,5,5,10,2,3,RL,1.94,6,1.5364000000000002
0.5,5,5,10,2,3,Greedy,2.98,9,5.7396
0.5,5,5,10,2,3,Periodic,2.68,6,2.8575999999999997
0.5,5,5,10,2,3,RL,2.96,10,5.398399999999999
0.5,5,5,10,2,3,Greedy,3.24,10,6.382399999999999
0.5,5,5,10,2,3,Periodic,2.68,6,2.8575999999999997
0.5,5,5,10,2,3,RL,3.2,9,4.52
0.5,5,5,10,2,3,Greedy,3.54,11,8.088400000000002
0.5,5,5,10,2,3,Periodic,2.68,6,2.8575999999999997
0.5,5,5,10,2,3,RL,3.04,11,6.1184
0.5,5,5,10,2,3,Greedy,3.46,10,6.4883999999999995
0.5,5,5,10,2,3,Periodic,2.68,6,2.8575999999999997
0.5,5,5,10,2,3,RL,2.36,8,2.9904000000000006
0.5,5,5,10,2,3,Greedy,3.06,11,6.2564
0.5,5,5,10,2,3,Periodic,2.68,6,2.8575999999999997
0.5,5,5,10,2,3,RL,2.9,10,4.6899999999999995
0.5,5,5,10,2,3,Greedy,2.52,10,4.6896
0.5,5,5,10,2,3,Periodic,2.68,6,2.8575999999999997
0.5,5,5,10,2,3,RL,2.56,8,3.3264
0.5,5,5,10,2,3,Greedy,3.12,9,4.985600000000001
0.5,5,5,10,2,3,Periodic,2.68,6,2.8575999999999997
0.5,5,5,10,2,3,RL,2.48,8,3.3696
0.5,5,5,10,2,3,Greedy,2.44,9,3.8064
0.5,5,5,10,2,3,Periodic,2.68,6,2.8575999999999997
0.5,5,5,10,2,3,RL,2.88,9,4.3456
0.5,5,5,10,2,3,Greedy,2.84,7,3.3744000000000005
0.5,5,5,10,2,3,Periodic,2.92,8,3.6735999999999995
0.5,5,5,10,4,1,RL,2.94,8,4.2964
0.5,5,5,10,4,1,Greedy,3.38,9,5.1156
0.5,5,5,10,4,1,Periodic,2.7,6,2.81
0.5,5,5,10,4,1,RL,2.6,8,3.680000000000001
0.5,5,5,10,4,1,Greedy,2.84,8,3.9344000000000006
0.5,5,5,10,4,1,Periodic,2.7,6,2.81
0.5,5,5,10,4,1,RL,3.02,8,4.179600000000001
0.5,5,5,10,4,1,Greedy,2.8,7,3.360000000000001
0.5,5,5,10,4,1,Periodic,3.02,8,3.5396000000000005
0.5,5,5,10,4,1,RL,2.34,6,2.2644
0.5,5,5,10,4,1,Greedy,2.92,8,4.273599999999999
0.5,5,5,10,4,1,Periodic,2.7,6,2.81
0.5,5,5,10,4,1,RL,3.1,8,4.61
0.5,5,5,10,4,1,Greedy,2.86,7,3.6404
0.5,5,5,10,4,1,Periodic,2.7,6,2.81
0.5,5,5,10,4,1,RL,2.94,8,3.1763999999999997
0.5,5,5,10,4,1,Greedy,2.84,7,3.6944000000000004
0.5,5,5,10,4,1,Periodic,2.7,6,2.81
0.5,5,5,10,4,1,RL,3.08,8,3.9536000000000002
0.5,5,5,10,4,1,Greedy,2.64,6,3.1104000000000007
0.5,5,5,10,4,1,Periodic,2.7,6,2.81
0.5,5,5,10,4,1,RL,2.72,8,3.4016
0.5,5,5,10,4,1,Greedy,3.58,9,5.4436
0.5,5,5,10,4,1,Periodic,2.7,6,2.81
0.5,5,5,10,4,1,RL,4.12,10,6.6655999999999995
0.5,5,5,10,4,1,Greedy,2.76,8,4.1024
0.5,5,5,10,4,1,Periodic,2.7,6,2.81
0.5,5,5,10,4,1,RL,2.74,8,3.0724
0.5,5,5,10,4,1,Greedy,3.24,9,5.2224
0.5,5,5,10,4,1,Periodic,2.7,6,2.81
0.5,5,5,10,4,2,RL,3.0,10,4.68
0.5,5,5,10,4,2,Greedy,4.22,11,7.851600000000001
0.5,5,5,10,4,2,Periodic,3.9,8,5.690000000000001
0.5,5,5,10,4,2,RL,2.92,7,2.9136
0.5,5,5,10,4,2,Greedy,3.58,10,6.323600000000002
0.5,5,5,10,4,2,Periodic,3.9,8,5.690000000000001
0.5,5,5,10,4,2,RL,2.94,9,4.5363999999999995
0.5,5,5,10,4,2,Greedy,3.1,7,4.69
0.5,5,5,10,4,2,Periodic,3.9,8,5.690000000000001
0.5,5,5,10,4,2,RL,2.94,9,4.1364
0.5,5,5,10,4,2,Greedy,3.1,7,4.69
0.5,5,5,10,4,2,Periodic,3.9,8,5.690000000000001
0.5,5,5,10,4,2,RL,2.58,7,2.6436
0.5,5,5,10,4,2,Greedy,5.04,17,19.1584
0.5,5,5,10,4,2,Periodic,3.9,8,5.690000000000001
0.5,5,5,10,4,2,RL,2.74,8,3.4323999999999995
0.5,5,5,10,4,2,Greedy,3.24,8,5.062399999999999
0.5,5,5,10,4,2,Periodic,3.9,8,5.690000000000001
0.5,5,5,10,4,2,RL,2.56,7,2.9663999999999997
0.5,5,5,10,4,2,Greedy,4.38,11,8.0756
0.5,5,5,10,4,2,Periodic,3.9,8,5.690000000000001
0.5,5,5,10,4,2,RL,2.86,8,4.0404
0.5,5,5,10,4,2,Greedy,3.78,11,7.2516
0.5,5,5,10,4,2,Periodic,3.9,8,5.690000000000001
0.5,5,5,10,4,2,RL,2.44,6,2.6064
0.5,5,5,10,4,2,Greedy,3.24,8,5.062399999999999
0.5,5,5,10,4,2,Periodic,3.9,8,5.690000000000001
0.5,5,5,10,4,2,RL,3.4,10,4.96
0.5,5,5,10,4,2,Greedy,3.24,8,5.062399999999999
0.5,5,5,10,4,2,Periodic,3.9,8,5.690000000000001
0.5,5,5,10,4,3,RL,3.46,10,5.848400000000001
0.5,5,5,10,4,3,Greedy,3.8,8,6.159999999999999
0.5,5,5,10,4,3,Periodic,3.88,8,5.7856000000000005
0.5,5,5,10,4,3,RL,2.9,10,4.77
0.5,5,5,10,4,3,Greedy,3.8,8,6.159999999999999
0.5,5,5,10,4,3,Periodic,3.88,8,5.7856000000000005
0.5,5,5,10,4,3,RL,3.42,10,6.2036
0.5,5,5,10,4,3,Greedy,3.8,8,6.159999999999999
0.5,5,5,10,4,3,Periodic,3.88,8,5.7856000000000005
0.5,5,5,10,4,3,RL,2.38,6,2.3156
0.5,5,5,10,4,3,Greedy,3.8,8,6.159999999999999
0.5,5,5,10,4,3,Periodic,3.88,8,5.7856000000000005
0.5,5,5,10,4,3,RL,3.28,10,5.441599999999999
0.5,5,5,10,4,3,Greedy,3.8,8,6.159999999999999
0.5,5,5,10,4,3,Periodic,3.88,8,5.7856000000000005
0.5,5,5,10,4,3,RL,2.82,8,3.3876
0.5,5,5,10,4,3,Greedy,3.8,8,6.159999999999999
0.5,5,5,10,4,3,Periodic,3.88,8,5.7856000000000005
0.5,5,5,10,4,3,RL,2.78,8,3.8515999999999995
0.5,5,5,10,4,3,Greedy,3.8,8,6.159999999999999
0.5,5,5,10,4,3,Periodic,3.88,8,5.7856000000000005
0.5,5,5,10,4,3,RL,2.58,7,2.9236
0.5,5,5,10,4,3,Greedy,3.8,8,6.159999999999999
0.5,5,5,10,4,3,Periodic,3.88,8,5.7856000000000005
0.5,5,5,10,4,3,RL,2.54,7,2.6483999999999996
0.5,5,5,10,4,3,Greedy,3.8,8,6.159999999999999
0.5,5,5,10,4,3,Periodic,3.88,8,5.7856000000000005
0.5,5,5,10,4,3,RL,3.02,8,3.579600000000001
0.5,5,5,10,4,3,Greedy,3.8,8,6.159999999999999
0.5,5,5,10,4,3,Periodic,3.88,8,5.7856000000000005
0.5,5,10,10,2,1,RL,4.24,12,9.982400000000002
0.5,5,10,10,2,1,Greedy,3.62,10,7.2356
0.5,5,10,10,2,1,Periodic,4.58,15,13.763600000000002
0.5,5,10,10,2,1,RL,3.02,8,3.8196000000000003
0.5,5,10,10,2,1,Greedy,5.2,14,12.200000000000003
0.5,5,10,10,2,1,Periodic,3.98,14,11.619599999999998
0.5,5,10,10,2,1,RL,4.22,12,9.971599999999999
0.5,5,10,10,2,1,Greedy,4.84,13,13.014399999999998
0.5,5,10,10,2,1,Periodic,3.94,11,8.256400000000001
0.5,5,10,10,2,1,RL,3.18,8,3.7876000000000003
0.5,5,10,10,2,1,Greedy,5.34,14,15.1844
0.5,5,10,10,2,1,Periodic,4.26,11,9.1524
0.5,5,10,10,2,1,RL,5.84,14,13.454399999999998
0.5,5,10,10,2,1,Greedy,4.24,14,12.3824
0.5,5,10,10,2,1,Periodic,4.54,14,14.6884
0.5,5,10,10,2,1,RL,2.6,6,1.88
0.5,5,10,10,2,1,Greedy,4.82,14,13.9476
0.5,5,10,10,2,1,Periodic,2.74,8,3.7123999999999997
0.5,5,10,10,2,1,RL,3.62,11,7.315600000000001
0.5,5,10,10,2,1,Greedy,5.46,13,13.2084
0.5,5,10,10,2,1,Periodic,2.86,8,3.7604
0.5,5,10,10,2,1,RL,2.98,8,3.6195999999999997
0.5,5,10,10,2,1,Greedy,4.2,14,12.600000000000001
0.5,5,10,10,2,1,Periodic,4.74,14,13.3124
0.5,5,10,10,2,1,RL,3.22,8,4.9716000000000005
0.5,5,10,10,2,1,Greedy,5.34,15,16.0644
0.5,5,10,10,2,1,Periodic,3.06,10,5.3764
0.5,5,10,10,2,1,RL,3.12,9,4.5855999999999995
0.5,5,10,10,2,1,Greedy,5.04,15,16.0384
0.5,5,10,10,2,1,Periodic,3.06,10,5.3764
0.5,5,10,10,2,2,RL,5.12,15,16.4656
0.5,5,10,10,2,2,Greedy,4.86,12,9.6804
0.5,5,10,10,2,2,Periodic,4.06,10,7.136399999999998
0.5,5,10,10,2,2,RL,3.24,9,4.2624
0.5,5,10,10,2,2,Greedy,3.56,10,6.5264
0.5,5,10,10,2,2,Periodic,3.18,8,4.307600000000001
0.5,5,10,10,2,2,RL,5.34,16,17.904400000000003
0.5,5,10,10,2,2,Greedy,4.54,11,8.4484
0.5,5,10,10,2,2,Periodic,2.94,8,3.6164000000000005
0.5,5,10,10,2,2,RL,4.64,13,10.0704
0.5,5,10,10,2,2,Greedy,3.72,11,7.281599999999998
0.5,5,10,10,2,2,Periodic,3.18,8,4.307600000000001
0.5,5,10,10,2,2,RL,3.0,9,3.88
0.5,5,10,10,2,2,Greedy,6.08,18,22.2736
0.5,5,10,10,2,2,Periodic,4.78,16,15.891599999999997
0.5,5,10,10,2,2,RL,4.3,13,12.05
0.5,5,10,10,2,2,Greedy,4.72,16,16.8416
0.5,5,10,10,2,2,Periodic,2.94,8,3.6164000000000005
0.5,5,10,10,2,2,RL,2.94,9,4.3764
0.5,5,10,10,2,2,Greedy,3.76,9,6.4224
0.5,5,10,10,2,2,Periodic,3.58,10,5.5236
0.5,5,10,10,2,2,RL,4.62,13,11.3156
0.5,5,10,10,2,2,Greedy,5.48,18,22.0096
0.5,5,10,10,2,2,Periodic,2.94,8,3.6164000000000005
0.5,5,10,10,2,2,RL,2.82,7,2.7876
0.5,5,10,10,2,2,Greedy,3.64,10,6.4304
0.5,5,10,10,2,2,Periodic,3.18,8,4.307600000000001
0.5,5,10,10,2,2,RL,4.68,13,10.7376
0.5,5,10,10,2,2,Greedy,5.54,17,19.6884
0.5,5,10,10,2,2,Periodic,3.18,8,4.307600000000001
0.5,5,10,10,2,3,RL,3.6,9,5.880000000000001
0.5,5,10,10,2,3,Greedy,5.1,17,20.21
0.5,5,10,10,2,3,Periodic,3.48,10,5.7696
0.5,5,10,10,2,3,RL,3.84,13,10.5344
0.5,5,10,10,2,3,Greedy,4.54,15,14.9684
0.5,5,10,10,2,3,Periodic,3.48,10,5.7696
0.5,5,10,10,2,3,RL,4.38,13,10.5956
0.5,5,10,10,2,3,Greedy,5.52,16,17.9696
0.5,5,10,10,2,3,Periodic,2.92,8,3.6735999999999995
0.5,5,10,10,2,3,RL,5.32,16,16.577600000000004
0.5,5,10,10,2,3,Greedy,4.78,16,17.6116
0.5,5,10,10,2,3,Periodic,3.16,8,4.3744
0.5,5,10,10,2,3,RL,4.34,13,10.2644
0.5,5,10,10,2,3,Greedy,3.78,10,8.1716
0.5,5,10,10,2,3,Periodic,5.08,16,16.2336
0.5,5,10,10,2,3,RL,5.22,15,16.0516
0.5,5,10,10,2,3,Greedy,4.0,13,11.2
0.5,5,10,10,2,3,Periodic,5.36,18,21.870400000000004
0.5,5,10,10,2,3,RL,4.26,15,13.9524
0.5,5,10,10,2,3,Greedy,3.76,10,8.2624
0.5,5,10,10,2,3,Periodic,2.92,8,3.6735999999999995
0.5,5,10,10,2,3,RL,4.08,13,10.8336
0.5,5,10,10,2,3,Greedy,3.78,13,11.491599999999998
0.5,5,10,10,2,3,Periodic,3.52,10,5.649600000000001
0.5,5,10,10,2,3,RL,4.16,12,10.2544
0.5,5,10,10,2,3,Greedy,3.16,10,7.334399999999999
0.5,5,10,10,2,3,Periodic,3.16,8,4.3744
0.5,5,10,10,2,3,RL,4.22,11,9.331599999999998
0.5,5,10,10,2,3,Greedy,5.14,16,17.6404
0.5,5,10,10,2,3,Periodic,3.16,8,4.3744
0.5,5,10,10,4,1,RL,2.88,6,2.5056
0.5,5,10,10,4,1,Greedy,3.72,10,6.2816
0.5,5,10,10,4,1,Periodic,3.5,10,5.69
0.5,5,10,10,4,1,RL,4.1,10,6.65
0.5,5,10,10,4,1,Greedy,4.36,12,9.1904
0.5,5,10,10,4,1,Periodic,3.94,11,6.976400000000001
0.5,5,10,10,4,1,RL,3.3,9,3.73
0.5,5,10,10,4,1,Greedy,4.84,16,16.6144
0.5,5,10,10,4,1,Periodic,4.78,16,15.891599999999997
0.5,5,10,10,4,1,RL,3.22,8,4.211600000000001
0.5,5,10,10,4,1,Greedy,5.1,17,19.49
0.5,5,10,10,4,1,Periodic,3.54,10,5.5684000000000005
0.5,5,10,10,4,1,RL,3.86,12,7.360399999999999
0.5,5,10,10,4,1,Greedy,4.94,11,8.7764
0.5,5,10,10,4,1,Periodic,5.34,18,21.984399999999997
0.5,5,10,10,4,1,RL,3.72,9,4.921599999999999
0.5,5,10,10,4,1,Greedy,5.74,16,17.632399999999997
0.5,5,10,10,4,1,Periodic,2.94,8,3.6164000000000005
0.5,5,10,10,4,1,RL,3.78,10,6.211600000000002
0.5,5,10,10,4,1,Greedy,3.56,9,5.5264
0.5,5,10,10,4,1,Periodic,3.34,8,4.1444
0.5,5,10,10,4,1,RL,3.7,10,5.81
0.5,5,10,10,4,1,Greedy,4.74,10,7.2724
0.5,5,10,10,4,1,Periodic,2.94,8,3.6164000000000005
0.5,5,10,10,4,1,RL,2.84,6,2.5744000000000007
0.5,5,10,10,4,1,Greedy,5.04,16,16.078400000000002
0.5,5,10,10,4,1,Periodic,3.1,8,3.5300000000000007
0.5,5,10,10,4,1,RL,3.76,10,6.7424
0.5,5,10,10,4,1,Greedy,4.0,11,7.8
0.5,5,10,10,4,1,Periodic,5.34,18,21.984399999999997
0.5,5,10,10,4,2,RL,3.02,9,4.4996
0.5,5,10,10,4,2,Greedy,6.42,20,27.843600000000002
0.5,5,10,10,4,2,Periodic,3.9,8,5.690000000000001
0.5,5,10,10,4,2,RL,4.38,12,9.7156
0.5,5,10,10,4,2,Greedy,4.06,9,6.6164
0.5,5,10,10,4,2,Periodic,3.9,8,5.690000000000001
0.5,5,10,10,4,2,RL,4.48,15,14.2096
0.5,5,10,10,4,2,Greedy,3.9,10,6.850000000000001
0.5,5,10,10,4,2,Periodic,3.9,8,5.690000000000001
0.5,5,10,10,4,2,RL,3.72,11,7.081599999999998
0.5,5,10,10,4,2,Greedy,6.04,19,24.5984
0.5,5,10,10,4,2,Periodic,3.9,8,5.690000000000001
0.5,5,10,10,4,2,RL,5.26,16,17.072400000000002
0.5,5,10,10,4,2,Greedy,5.64,18,21.910400000000003
0.5,5,10,10,4,2,Periodic,3.9,8,5.690000000000001
0.5,5,10,10,4,2,RL,3.74,10,7.0724
0.5,5,10,10,4,2,Greedy,4.18,10,7.3876
0.5,5,10,10,4,2,Periodic,3.9,8,5.690000000000001
0.5,5,10,10,4,2,RL,3.46,10,5.1684
0.5,5,10,10,4,2,Greedy,5.34,17,18.9044
0.5,5,10,10,4,2,Periodic,4.22,10,6.611599999999999
0.5,5,10,10,4,2,RL,3.38,10,5.555599999999999
0.5,5,10,10,4,2,Greedy,4.26,10,7.3124
0.5,5,10,10,4,2,Periodic,3.9,8,5.690000000000001
0.5,5,10,10,4,2,RL,7.94,25,54.53639999999999
0.5,5,10,10,4,2,Greedy,4.18,10,7.387599999999999
0.5,5,10,10,4,2,Periodic,3.9,8,5.690000000000001
0.5,5,10,10,4,2,RL,4.6,12,9.4
0.5,5,10,10,4,2,Greedy,5.34,17,18.9044
0.5,5,10,10,4,2,Periodic,3.9,8,5.690000000000001
0.5,5,10,10,4,3,RL,4.0,11,8.44
0.5,5,10,10,4,3,Greedy,4.3,10,7.29
0.5,5,10,10,4,3,Periodic,4.2,10,6.72
0.5,5,10,10,4,3,RL,4.2,11,7.840000000000001
0.5,5,10,10,4,3,Greedy,4.46,10,7.4884
0.5,5,10,10,4,3,Periodic,3.88,8,5.7856000000000005
0.5,5,10,10,4,3,RL,3.52,9,5.3696
0.5,5,10,10,4,3,Greedy,3.96,9,6.518399999999999
0.5,5,10,10,4,3,Periodic,3.88,8,5.7856000000000005
0.5,5,10,10,4,3,RL,3.38,8,5.235600000000001
0.5,5,10,10,4,3,Greedy,3.96,9,6.518399999999999
0.5,5,10,10,4,3,Periodic,3.88,8,5.7856000000000005
0.5,5,10,10,4,3,RL,4.02,10,7.259599999999999
0.5,5,10,10,4,3,Greedy,5.9,18,21.37
0.5,5,10,10,4,3,Periodic,4.2,10,6.72
0.5,5,10,10,4,3,RL,3.8,9,6.16
0.5,5,10,10,4,3,Greedy,4.3,10,7.29
0.5,5,10,10,4,3,Periodic,3.88,8,5.7856000000000005
0.5,5,10,10,4,3,RL,3.74,10,6.6724
0.5,5,10,10,4,3,Greedy,3.96,9,6.518399999999999
0.5,5,10,10,4,3,Periodic,3.88,8,5.7856000000000005
0.5,5,10,10,4,3,RL,3.64,10,6.5504
0.5,5,10,10,4,3,Greedy,4.12,9,6.8256
0.5,5,10,10,4,3,Periodic,3.88,8,5.7856000000000005
0.5,5,10,10,4,3,RL,3.54,10,5.4883999999999995
0.5,5,10,10,4,3,Greedy,4.12,9,6.8256
0.5,5,10,10,4,3,Periodic,4.2,10,6.72
0.5,5,10,10,4,3,RL,3.78,9,6.251600000000001
0.5,5,10,10,4,3,Greedy,6.42,19,23.7636
0.5,5,10,10,4,3,Periodic,3.88,8,5.7856000000000005
0.5,7,0,10,2,1,RL,2.5,6,2.49
0.5,7,0,10,2,1,Greedy,1.68,4,1.0576
0.5,7,0,10,2,1,Periodic,1.9,4,0.8899999999999999
0.5,7,0,10,2,1,RL,5.1,19,27.089999999999996
0.5,7,0,10,2,1,Greedy,1.98,6,1.7396
0.5,7,0,10,2,1,Periodic,1.9,4,0.8899999999999999
0.5,7,0,10,2,1,RL,2.74,8,2.7523999999999997
0.5,7,0,10,2,1,Greedy,1.74,5,1.2724
0.5,7,0,10,2,1,Periodic,1.9,4,0.8899999999999999
0.5,7,0,10,2,1,RL,2.6,8,3.880000000000001
0.5,7,0,10,2,1,Greedy,1.76,5,1.2624
0.5,7,0,10,2,1,Periodic,1.9,4,0.8899999999999999
0.5,7,0,10,2,1,RL,2.5,6,2.37
0.5,7,0,10,2,1,Greedy,2.44,7,2.8864000000000005
0.5,7,0,10,2,1,Periodic,1.9,4,0.8899999999999999
0.5,7,0,10,2,1,RL,2.44,6,1.9264
0.5,7,0,10,2,1,Greedy,2.56,8,3.4063999999999997
0.5,7,0,10,2,1,Periodic,1.9,4,0.8899999999999999
0.5,7,0,10,2,1,RL,2.66,6,2.0243999999999995
0.5,7,0,10,2,1,Greedy,1.9,7,2.13
0.5,7,0,10,2,1,Periodic,1.9,4,0.8899999999999999
0.5,7,0,10,2,1,RL,5.2,20,32.400000000000006
0.5,7,0,10,2,1,Greedy,2.22,7,2.3316
0.5,7,0,10,2,1,Periodic,1.9,4,0.8899999999999999
0.5,7,0,10,2,1,RL,3.14,9,4.520399999999999
0.5,7,0,10,2,1,Greedy,1.96,5,1.5183999999999997
0.5,7,0,10,2,1,Periodic,1.9,4,0.8899999999999999
0.5,7,0,10,2,1,RL,2.6,6,1.88
0.5,7,0,10,2,1,Greedy,4.06,16,17.2164
0.5,7,0,10,2,1,Periodic,1.9,4,0.8899999999999999
0.5,7,0,10,2,2,RL,1.88,5,1.1856000000000002
0.5,7,0,10,2,2,Greedy,2.44,7,3.3664000000000005
0.5,7,0,10,2,2,Periodic,2.7,6,2.81
0.5,7,0,10,2,2,RL,1.76,5,1.1424
0.5,7,0,10,2,2,Greedy,2.36,8,3.350400000000001
0.5,7,0,10,2,2,Periodic,2.7,6,2.81
0.5,7,0,10,2,2,RL,1.7,4,0.8899999999999999
0.5,7,0,10,2,2,Greedy,2.22,7,2.7316000000000007
0.5,7,0,10,2,2,Periodic,2.7,6,2.81
0.5,7,0,10,2,2,RL,2.16,6,1.6544000000000003
0.5,7,0,10,2,2,Greedy,2.26,6,2.5124
0.5,7,0,10,2,2,Periodic,2.7,6,2.81
0.5,7,0,10,2,2,RL,1.6,5,0.92
0.5,7,0,10,2,2,Greedy,2.0,5,2.0
0.5,7,0,10,2,2,Periodic,2.7,6,2.81
0.5,7,0,10,2,2,RL,1.72,5,0.8815999999999999
0.5,7,0,10,2,2,Greedy,2.46,8,3.568399999999999
0.5,7,0,10,2,2,Periodic,2.7,6,2.81
0.5,7,0,10,2,2,RL,2.22,8,2.7716
0.5,7,0,10,2,2,Greedy,2.3,6,2.41
0.5,7,0,10,2,2,Periodic,2.7,6,2.81
0.5,7,0,10,2,2,RL,2.06,5,1.5763999999999998
0.5,7,0,10,2,2,Greedy,2.24,6,2.2624
0.5,7,0,10,2,2,Periodic,2.7,6,2.81
0.5,7,0,10,2,2,RL,1.72,4,0.7216
0.5,7,0,10,2,2,Greedy,2.0,5,2.0
0.5,7,0,10,2,2,Periodic,2.7,6,2.81
0.5,7,0,10,2,2,RL,1.68,6,1.2176000000000002
0.5,7,0,10,2,2,Greedy,2.78,9,4.4116
0.5,7,0,10,2,2,Periodic,2.7,6,2.81
0.5,7,0,10,2,3,RL,1.98,7,2.019599999999999
0.5,7,0,10,2,3,Greedy,1.6,3,0.64
0.5,7,0,10,2,3,Periodic,2.68,6,2.8575999999999997
0.5,7,0,10,2,3,RL,2.88,10,5.9056
0.5,7,0,10,2,3,Greedy,1.78,6,1.2915999999999999
0.5,7,0,10,2,3,Periodic,2.68,6,2.8575999999999997
0.5,7,0,10,2,3,RL,1.96,5,1.1583999999999999
0.5,7,0,10,2,3,Greedy,1.78,6,1.2915999999999999
0.5,7,0,10,2,3,Periodic,2.68,6,2.8575999999999997
0.5,7,0,10,2,3,RL,4.06,17,21.176399999999997
0.5,7,0,10,2,3,Greedy,1.6,3,0.64
0.5,7,0,10,2,3,Periodic,2.68,6,2.8575999999999997
0.5,7,0,10,2,3,RL,2.0,6,1.48
0.5,7,0,10,2,3,Greedy,1.6,3,0.64
0.5,7,0,10,2,3,Periodic,2.68,6,2.8575999999999997
0.5,7,0,10,2,3,RL,1.94,6,1.4964000000000002
0.5,7,0,10,2,3,Greedy,1.6,3,0.64
0.5,7,0,10,2,3,Periodic,2.68,6,2.8575999999999997
0.5,7,0,10,2,3,RL,2.78,11,6.731600000000001
0.5,7,0,10,2,3,Greedy,1.96,6,1.8783999999999998
0.5,7,0,10,2,3,Periodic,2.68,6,2.8575999999999997
0.5,7,0,10,2,3,RL,2.44,10,4.566400000000001
0.5,7,0,10,2,3,Greedy,1.78,6,1.2915999999999999
0.5,7,0,10,2,3,Periodic,2.68,6,2.8575999999999997
0.5,7,0,10,2,3,RL,1.92,5,1.5535999999999999
0.5,7,0,10,2,3,Greedy,1.6,3,0.64
0.5,7,0,10,2,3,Periodic,2.68,6,2.8575999999999997
0.5,7,0,10,2,3,RL,2.7,8,3.65
0.5,7,0,10,2,3,Greedy,1.6,3,0.64
0.5,7,0,10,2,3,Periodic,2.68,6,2.8575999999999997
0.5,7,0,10,4,1,RL,2.16,6,2.2144000000000004
0.5,7,0,10,4,1,Greedy,2.64,7,3.5504000000000007
0.5,7,0,10,4,1,Periodic,2.7,6,2.81
0.5,7,0,10,4,1,RL,3.94,10,7.3764
0.5,7,0,10,4,1,Greedy,2.5,6,3.25
0.5,7,0,10,4,1,Periodic,2.7,6,2.81
0.5,7,0,10,4,1,RL,2.48,6,2.8896
0.5,7,0,10,4,1,Greedy,2.5,6,3.25
0.5,7,0,10,4,1,Periodic,2.7,6,2.81
0.5,7,0,10,4,1,RL,2.8,8,4.4
0.5,7,0,10,4,1,Greedy,2.5,6,3.25
0.5,7,0,10,4,1,Periodic,2.7,6,2.81
0.5,7,0,10,4,1,RL,4.4,10,7.84
0.5,7,0,10,4,1,Greedy,2.5,6,3.25
0.5,7,0,10,4,1,Periodic,2.7,6,2.81
0.5,7,0,10,4,1,RL,2.62,7,3.0356000000000005
0.5,7,0,10,4,1,Greedy,2.5,6,3.25
0.5,7,0,10,4,1,Periodic,2.7,6,2.81
0.5,7,0,10,4,1,RL,2.94,7,4.1764
0.5,7,0,10,4,1,Greedy,2.64,7,3.5504000000000002
0.5,7,0,10,4,1,Periodic,2.7,6,2.81
0.5,7,0,10,4,1,RL,2.22,7,2.7316000000000007
0.5,7,0,10,4,1,Greedy,2.64,7,3.5504000000000002
0.5,7,0,10,4,1,Periodic,2.7,6,2.81
0.5,7,0,10,4,1,RL,2.12,5,1.9456
0.5,7,0,10,4,1,Greedy,2.5,6,3.25
0.5,7,0,10,4,1,Periodic,2.7,6,2.81
0.5,7,0,10,4,1,RL,2.22,6,2.1316
0.5,7,0,10,4,1,Greedy,2.5,6,3.25
0.5,7,0,10,4,1,Periodic,2.7,6,2.81
0.5,7,0,10,4,2,RL,2.48,6,2.8895999999999997
0.5,7,0,10,4,2,Greedy,3.1,7,4.69
0.5,7,0,10,4,2,Periodic,3.9,8,5.690000000000001
0.5,7,0,10,4,2,RL,2.64,7,2.870400000000001
0.5,7,0,10,4,2,Greedy,3.1,7,4.69
0.5,7,0,10,4,2,Periodic,3.9,8,5.690000000000001
0.5,7,0,10,4,2,RL,2.44,6,2.6464
0.5,7,0,10,4,2,Greedy,3.1,7,4.69
0.5,7,0,10,4,2,Periodic,3.9,8,5.690000000000001
0.5,7,0,10,4,2,RL,2.2,5,1.8800000000000003
0.5,7,0,10,4,2,Greedy,3.1,7,4.69
0.5,7,0,10,4,2,Periodic,3.9,8,5.690000000000001
0.5,7,0,10,4,2,RL,3.1,8,4.7700000000000005
0.5,7,0,10,4,2,Greedy,3.1,7,4.69
0.5,7,0,10,4,2,Periodic,3.9,8,5.690000000000001
0.5,7,0,10,4,2,RL,2.72,7,3.281599999999999
0.5,7,0,10,4,2,Greedy,3.1,7,4.69
0.5,7,0,10,4,2,Periodic,3.9,8,5.690000000000001
0.5,7,0,10,4,2,RL,3.04,9,5.078399999999999
0.5,7,0,10,4,2,Greedy,3.1,7,4.69
0.5,7,0,10,4,2,Periodic,3.9,8,5.690000000000001
0.5,7,0,10,4,2,RL,2.9,8,4.53
0.5,7,0,10,4,2,Greedy,3.1,7,4.69
0.5,7,0,10,4,2,Periodic,3.9,8,5.690000000000001
0.5,7,0,10,4,2,RL,3.68,11,7.377600000000002
0.5,7,0,10,4,2,Greedy,3.1,7,4.69
0.5,7,0,10,4,2,Periodic,3.9,8,5.690000000000001
0.5,7,0,10,4,2,RL,2.6,7,3.08
0.5,7,0,10,4,2,Greedy,3.1,7,4.69
0.5,7,0,10,4,2,Periodic,3.9,8,5.690000000000001
0.5,7,0,10,4,3,RL,4.34,10,8.3844
0.5,7,0,10,4,3,Greedy,3.8,8,6.159999999999999
0.5,7,0,10,4,3,Periodic,3.88,8,5.7856000000000005
0.5,7,0,10,4,3,RL,2.34,6,2.5044
0.5,7,0,10,4,3,Greedy,3.8,8,6.159999999999999
0.5,7,0,10,4,3,Periodic,3.88,8,5.7856000000000005
0.5,7,0,10,4,3,RL,3.02,10,5.139600000000001
0.5,7,0,10,4,3,Greedy,3.8,8,6.159999999999999
0.5,7,0,10,4,3,Periodic,3.88,8,5.7856000000000005
0.5,7,0,10,4,3,RL,2.82,7,3.3875999999999995
0.5,7,0,10,4,3,Greedy,3.8,8,6.159999999999999
0.5,7,0,10,4,3,Periodic,3.88,8,5.7856000000000005
0.5,7,0,10,4,3,RL,3.08,8,4.833600000000001
0.5,7,0,10,4,3,Greedy,3.8,8,6.159999999999999
0.5,7,0,10,4,3,Periodic,3.88,8,5.7856000000000005
0.5,7,0,10,4,3,RL,2.66,8,3.3043999999999993
0.5,7,0,10,4,3,Greedy,3.8,8,6.159999999999999
0.5,7,0,10,4,3,Periodic,3.88,8,5.7856000000000005
0.5,7,0,10,4,3,RL,2.52,7,3.0496
0.5,7,0,10,4,3,Greedy,3.8,8,6.159999999999999
0.5,7,0,10,4,3,Periodic,3.88,8,5.7856000000000005
0.5,7,0,10,4,3,RL,2.68,7,3.4175999999999997
0.5,7,0,10,4,3,Greedy,3.8,8,6.159999999999999
0.5,7,0,10,4,3,Periodic,3.88,8,5.7856000000000005
0.5,7,0,10,4,3,RL,2.32,6,2.4176
0.5,7,0,10,4,3,Greedy,3.8,8,6.159999999999999
0.5,7,0,10,4,3,Periodic,3.88,8,5.7856000000000005
0.5,7,0,10,4,3,RL,3.4,9,5.959999999999999
0.5,7,0,10,4,3,Greedy,3.8,8,6.159999999999999
0.5,7,0,10,4,3,Periodic,3.88,8,5.7856000000000005
0.5,7,5,10,2,1,RL,2.3,5,1.65
0.5,7,5,10,2,1,Greedy,2.4,7,2.4399999999999995
0.5,7,5,10,2,1,Periodic,1.9,4,0.8899999999999999
0.5,7,5,10,2,1,RL,2.86,7,2.6003999999999996
0.5,7,5,10,2,1,Greedy,2.56,9,3.8464
0.5,7,5,10,2,1,Periodic,1.9,4,0.8899999999999999
0.5,7,5,10,2,1,RL,2.4,8,2.64
0.5,7,5,10,2,1,Greedy,2.58,8,3.2436000000000003
0.5,7,5,10,2,1,Periodic,1.98,4,0.9795999999999999
0.5,7,5,10,2,1,RL,2.82,7,2.4676
0.5,7,5,10,2,1,Greedy,3.22,10,7.3716
0.5,7,5,10,2,1,Periodic,1.9,4,0.8899999999999999
0.5,7,5,10,2,1,RL,2.08,7,1.7935999999999996
0.5,7,5,10,2,1,Greedy,2.7,8,3.41
0.5,7,5,10,2,1,Periodic,1.9,4,0.8899999999999999
0.5,7,5,10,2,1,RL,2.18,6,1.4275999999999995
0.5,7,5,10,2,1,Greedy,2.84,10,4.6144
0.5,7,5,10,2,1,Periodic,1.9,4,0.8899999999999999
0.5,7,5,10,2,1,RL,3.22,12,7.3316
0.5,7,5,10,2,1,Greedy,3.36,11,7.8704
0.5,7,5,10,2,1,Periodic,1.9,4,0.8899999999999999
0.5,7,5,10,2,1,RL,2.04,6,1.3983999999999996
0.5,7,5,10,2,1,Greedy,2.84,8,3.6944000000000004
0.5,7,5,10,2,1,Periodic,2.54,8,2.8484
0.5,7,5,10,2,1,RL,2.5,8,2.81
0.5,7,5,10,2,1,Greedy,2.94,10,4.9364
0.5,7,5,10,2,1,Periodic,3.02,10,5.459599999999999
0.5,7,5,10,2,1,RL,2.62,8,2.8756000000000004
0.5,7,5,10,2,1,Greedy,2.24,6,1.9424
0.5,7,5,10,2,1,Periodic,2.38,8,2.5156
0.5,7,5,10,2,2,RL,2.82,8,3.8676
0.5,7,5,10,2,2,Greedy,3.04,10,5.438400000000001
0.5,7,5,10,2,2,Periodic,2.7,6,2.81
0.5,7,5,10,2,2,RL,2.44,8,2.6064
0.5,7,5,10,2,2,Greedy,4.22,15,15.2116
0.5,7,5,10,2,2,Periodic,2.7,6,2.81
0.5,7,5,10,2,2,RL,2.42,8,2.8836
0.5,7,5,10,2,2,Greedy,2.94,10,4.8964
0.5,7,5,10,2,2,Periodic,2.7,6,2.81
0.5,7,5,10,2,2,RL,2.22,6,2.2516000000000003
0.5,7,5,10,2,2,Greedy,3.64,13,9.750399999999999
0.5,7,5,10,2,2,Periodic,2.7,6,2.81
0.5,7,5,10,2,2,RL,2.2,6,1.7600000000000002
0.5,7,5,10,2,2,Greedy,2.56,7,2.7664
0.5,7,5,10,2,2,Periodic,2.7,6,2.81
0.5,7,5,10,2,2,RL,2.16,7,1.9344
0.5,7,5,10,2,2,Greedy,2.86,9,4.5204
0.5,7,5,10,2,2,Periodic,2.7,6,2.81
0.5,7,5,10,2,2,RL,3.04,7,3.798399999999999
0.5,7,5,10,2,2,Greedy,3.52,10,6.6496
0.5,7,5,10,2,2,Periodic,2.7,6,2.81
0.5,7,5,10,2,2,RL,2.28,6,2.0016000000000003
0.5,7,5,10,2,2,Greedy,3.74,11,7.792399999999999
0.5,7,5,10,2,2,Periodic,2.7,6,2.81
0.5,7,5,10,2,2,RL,2.32,7,2.1776
0.5,7,5,10,2,2,Greedy,3.42,11,7.723599999999999
0.5,7,5,10,2,2,Periodic,2.7,6,2.81
0.5,7,5,10,2,2,RL,2.46,9,3.648399999999999
0.5,7,5,10,2,2,Greedy,2.9,8,3.69
0.5,7,5,10,2,2,Periodic,2.7,6,2.81
0.5,7,5,10,2,3,RL,2.22,6,1.6116
0.5,7,5,10,2,3,Greedy,3.3,10,6.73
0.5,7,5,10,2,3,Periodic,2.68,6,2.8575999999999997
0.5,7,5,10,2,3,RL,3.0,11,6.12
0.5,7,5,10,2,3,Greedy,2.08,7,2.3535999999999997
0.5,7,5,10,2,3,Periodic,2.68,6,2.8575999999999997
0.5,7,5,10,2,3,RL,2.6,8,3.4000000000000012
0.5,7,5,10,2,3,Greedy,2.68,9,4.0576
0.5,7,5,10,2,3,Periodic,2.68,6,2.8575999999999997
0.5,7,5,10,2,3,RL,2.56,7,2.6464
0.5,7,5,10,2,3,Greedy,4.44,14,13.0064
0.5,7,5,10,2,3,Periodic,2.68,6,2.8575999999999997
0.5,7,5,10,2,3,RL,3.06,10,5.096399999999999
0.5,7,5,10,2,3,Greedy,3.04,9,4.5984
0.5,7,5,10,2,3,Periodic,2.68,6,2.8575999999999997
0.5,7,5,10,2,3,RL,2.5,6,2.21
0.5,7,5,10,2,3,Greedy,3.62,11,7.6356
0.5,7,5,10,2,3,Periodic,2.68,6,2.8575999999999997
0.5,7,5,10,2,3,RL,3.12,13,9.545599999999997
0.5,7,5,10,2,3,Greedy,2.18,6,1.9076000000000002
0.5,7,5,10,2,3,Periodic,2.68,6,2.8575999999999997
0.5,7,5,10,2,3,RL,2.46,7,2.8084
0.5,7,5,10,2,3,Greedy,2.62,10,4.8756
0.5,7,5,10,2,3,Periodic,2.68,6,2.8575999999999997
0.5,7,5,10,2,3,RL,7.96,26,63.15839999999999
0.5,7,5,10,2,3,Greedy,2.88,10,5.6656
0.5,7,5,10,2,3,Periodic,2.68,6,2.8575999999999997
0.5,7,5,10,2,3,RL,3.1,11,7.81
0.5,7,5,10,2,3,Greedy,2.98,10,6.4596
0.5,7,5,10,2,3,Periodic,2.68,6,2.8575999999999997
0.5,7,5,10,4,1,RL,3.46,10,7.2484
0.5,7,5,10,4,1,Greedy,3.14,10,5.5604
0.5,7,5,10,4,1,Periodic,2.7,6,2.81
0.5,7,5,10,4,1,RL,2.84,7,3.3744000000000005
0.5,7,5,10,4,1,Greedy,3.1,10,5.690000000000001
0.5,7,5,10,4,1,Periodic,2.7,6,2.81
0.5,7,5,10,4,1,RL,2.78,7,4.0116
0.5,7,5,10,4,1,Greedy,3.34,11,6.6644
0.5,7,5,10,4,1,Periodic,2.7,6,2.81
0.5,7,5,10,4,1,RL,3.18,11,6.187600000000001
0.5,7,5,10,4,1,Greedy,2.68,7,3.4975999999999994
0.5,7,5,10,4,1,Periodic,2.7,6,2.81
0.5,7,5,10,4,1,RL,2.58,7,2.9235999999999995
0.5,7,5,10,4,1,Greedy,2.56,6,3.1264000000000003
0.5,7,5,10,4,1,Periodic,2.7,6,2.81
0.5,7,5,10,4,1,RL,2.92,8,3.913599999999999
0.5,7,5,10,4,1,Greedy,2.5,6,3.25
0.5,7,5,10,4,1,Periodic,2.7,6,2.81
0.5,7,5,10,4,1,RL,2.88,10,5.185599999999999
0.5,7,5,10,4,1,Greedy,2.56,6,3.1664000000000003
0.5,7,5,10,4,1,Periodic,2.7,6,2.81
0.5,7,5,10,4,1,RL,2.92,8,3.8735999999999997
0.5,7,5,10,4,1,Greedy,3.22,10,5.8915999999999995
0.5,7,5,10,4,1,Periodic,2.7,6,2.81
0.5,7,5,10,4,1,RL,3.82,10,5.8675999999999995
0.5,7,5,10,4,1,Greedy,3.38,10,6.155600000000001
0.5,7,5,10,4,1,Periodic,2.7,6,2.81
0.5,7,5,10,4,1,RL,5.62,20,30.5556
0.5,7,5,10,4,1,Greedy,2.5,6,3.25
0.5,7,5,10,4,1,Periodic,2.7,6,2.81
0.5,7,5,10,4,2,RL,2.8,7,3.5200000000000005
0.5,7,5,10,4,2,Greedy,3.4,9,5.6
0.5,7,5,10,4,2,Periodic,3.9,8,5.690000000000001
0.5,7,5,10,4,2,RL,3.58,9,5.283600000000002
0.5,7,5,10,4,2,Greedy,3.1,7,4.69
0.5,7,5,10,4,2,Periodic,3.9,8,5.690000000000001
0.5,7,5,10,4,2,RL,3.0,10,5.0
0.5,7,5,10,4,2,Greedy,3.1,7,4.69
0.5,7,5,10,4,2,Periodic,3.9,8,5.690000000000001
0.5,7,5,10,4,2,RL,2.68,7,3.3376
0.5,7,5,10,4,2,Greedy,3.54,9,5.888399999999999
0.5,7,5,10,4,2,Periodic,3.9,8,5.690000000000001
0.5,7,5,10,4,2,RL,2.8,9,4.36
0.5,7,5,10,4,2,Greedy,3.1,7,4.69
0.5,7,5,10,4,2,Periodic,3.9,8,5.690000000000001
0.5,7,5,10,4,2,RL,6.52,22,38.889599999999994
0.5,7,5,10,4,2,Greedy,3.1,7,4.69
0.5,7,5,10,4,2,Periodic,3.9,8,5.690000000000001
0.5,7,5,10,4,2,RL,2.44,6,2.6064
0.5,7,5,10,4,2,Greedy,3.1,7,4.69
0.5,7,5,10,4,2,Periodic,3.9,8,5.690000000000001
0.5,7,5,10,4,2,RL,2.5,7,3.09
0.5,7,5,10,4,2,Greedy,3.1,7,4.69
0.5,7,5,10,4,2,Periodic,3.9,8,5.690000000000001
0.5,7,5,10,4,2,RL,3.3,10,6.370000000000001
0.5,7,5,10,4,2,Greedy,3.1,7,4.69
0.5,7,5,10,4,2,Periodic,3.9,8,5.690000000000001
0.5,7,5,10,4,2,RL,3.16,9,4.5744
0.5,7,5,10,4,2,Greedy,3.24,8,5.062399999999999
0.5,7,5,10,4,2,Periodic,3.9,8,5.690000000000001
0.5,7,5,10,4,3,RL,2.28,6,2.4816000000000003
0.5,7,5,10,4,3,Greedy,3.8,8,6.159999999999999
0.5,7,5,10,4,3,Periodic,3.88,8,5.7856000000000005
0.5,7,5,10,4,3,RL,2.46,6,2.6083999999999996
0.5,7,5,10,4,3,Greedy,3.8,8,6.159999999999999
0.5,7,5,10,4,3,Periodic,3.88,8,5.7856000000000005
0.5,7,5,10,4,3,RL,2.64,8,3.1104000000000003
0.5,7,5,10,4,3,Greedy,3.8,8,6.159999999999999
0.5,7,5,10,4,3,Periodic,3.88,8,5.7856000000000005
0.5,7,5,10,4,3,RL,3.14,10,5.8404
0.5,7,5,10,4,3,Greedy,3.8,8,6.159999999999999
0.5,7,5,10,4,3,Periodic,3.88,8,5.7856000000000005
0.5,7,5,10,4,3,RL,2.78,8,3.8515999999999995
0.5,7,5,10,4,3,Greedy,3.8,8,6.159999999999999
0.5,7,5,10,4,3,Periodic,3.88,8,5.7856000000000005
0.5,7,5,10,4,3,RL,3.26,12,7.7124
0.5,7,5,10,4,3,Greedy,3.8,8,6.159999999999999
0.5,7,5,10,4,3,Periodic,3.88,8,5.7856000000000005
0.5,7,5,10,4,3,RL,2.54,7,2.6484000000000005
0.5,7,5,10,4,3,Greedy,3.8,8,6.159999999999999
0.5,7,5,10,4,3,Periodic,3.88,8,5.7856000000000005
0.5,7,5,10,4,3,RL,2.88,8,4.4256
0.5,7,5,10,4,3,Greedy,3.8,8,6.159999999999999
0.5,7,5,10,4,3,Periodic,3.88,8,5.7856000000000005
0.5,7,5,10,4,3,RL,2.66,8,3.5844
0.5,7,5,10,4,3,Greedy,3.8,8,6.159999999999999
0.5,7,5,10,4,3,Periodic,3.88,8,5.7856000000000005
0.5,7,5,10,4,3,RL,2.64,7,3.0304
0.5,7,5,10,4,3,Greedy,3.8,8,6.159999999999999
0.5,7,5,10,4,3,Periodic,3.88,8,5.7856000000000005
0.5,7,10,10,2,1,RL,2.54,6,2.1684
0.5,7,10,10,2,1,Greedy,3.44,10,5.886400000000001
0.5,7,10,10,2,1,Periodic,3.74,14,11.312399999999998
0.5,7,10,10,2,1,RL,3.56,13,9.8464
0.5,7,10,10,2,1,Greedy,3.34,10,5.824400000000001
0.5,7,10,10,2,1,Periodic,3.7,14,11.290000000000003
0.5,7,10,10,2,1,RL,3.3,9,4.17
0.5,7,10,10,2,1,Greedy,4.18,14,11.8676
0.5,7,10,10,2,1,Periodic,3.58,13,9.2836
0.5,7,10,10,2,1,RL,3.62,13,9.355599999999999
0.5,7,10,10,2,1,Greedy,4.84,15,14.6544
0.5,7,10,10,2,1,Periodic,3.14,10,5.040399999999999
0.5,7,10,10,2,1,RL,4.14,13,9.9604
0.5,7,10,10,2,1,Greedy,3.44,10,5.806400000000001
0.5,7,10,10,2,1,Periodic,3.74,14,11.312399999999998
0.5,7,10,10,2,1,RL,3.36,10,5.2704
0.5,7,10,10,2,1,Greedy,4.02,11,9.019599999999999
0.5,7,10,10,2,1,Periodic,2.38,6,1.9555999999999998
0.5,7,10,10,2,1,RL,6.48,21,33.7696
0.5,7,10,10,2,1,Greedy,5.48,16,18.0496
0.5,7,10,10,2,1,Periodic,4.5,16,16.17
0.5,7,10,10,2,1,RL,3.28,10,5.2016
0.5,7,10,10,2,1,Greedy,4.06,14,12.2164
0.5,7,10,10,2,1,Periodic,2.94,10,4.6564000000000005
0.5,7,10,10,2,1,RL,4.98,14,13.4196
0.5,7,10,10,2,1,Greedy,3.54,10,5.888400000000001
0.5,7,10,10,2,1,Periodic,3.94,14,11.3764
0.5,7,10,10,2,1,RL,3.16,8,4.0544
0.5,7,10,10,2,1,Greedy,4.12,11,9.3056
0.5,7,10,10,2,1,Periodic,3.18,10,5.347600000000001
0.5,7,10,10,2,2,RL,4.64,13,10.9504
0.5,7,10,10,2,2,Greedy,3.54,10,6.3284
0.5,7,10,10,2,2,Periodic,2.94,8,3.6164
0.5,7,10,10,2,2,RL,4.2,13,11.04
0.5,7,10,10,2,2,Greedy,3.46,10,5.4484
0.5,7,10,10,2,2,Periodic,5.82,20,29.587600000000002
0.5,7,10,10,2,2,RL,2.74,7,2.8724000000000003
0.5,7,10,10,2,2,Greedy,3.84,10,6.2543999999999995
0.5,7,10,10,2,2,Periodic,2.78,6,2.7716000000000003
0.5,7,10,10,2,2,RL,3.58,12,7.563600000000001
0.5,7,10,10,2,2,Greedy,4.9,15,13.449999999999998
0.5,7,10,10,2,2,Periodic,4.46,16,16.2884
0.5,7,10,10,2,2,RL,5.3,17,18.169999999999998
0.5,7,10,10,2,2,Greedy,5.3,16,15.970000000000002
0.5,7,10,10,2,2,Periodic,2.94,8,3.6164
0.5,7,10,10,2,2,RL,5.64,17,19.390400000000003
0.5,7,10,10,2,2,Greedy,3.72,11,8.081599999999998
0.5,7,10,10,2,2,Periodic,3.02,8,3.5396000000000005
0.5,7,10,10,2,2,RL,3.0,9,4.68
0.5,7,10,10,2,2,Greedy,3.76,10,7.7824
0.5,7,10,10,2,2,Periodic,3.5,10,5.69
0.5,7,10,10,2,2,RL,3.72,10,8.4016
0.5,7,10,10,2,2,Greedy,3.96,11,8.6384
0.5,7,10,10,2,2,Periodic,3.34,10,5.024400000000001
0.5,7,10,10,2,2,RL,3.96,10,6.9984
0.5,7,10,10,2,2,Greedy,3.44,10,5.326400000000001
0.5,7,10,10,2,2,Periodic,2.7,6,2.81
0.5,7,10,10,2,2,RL,3.72,10,5.1216
0.5,7,10,10,2,2,Greedy,4.76,15,15.2624
0.5,7,10,10,2,2,Periodic,2.7,6,2.81
0.5,7,10,10,2,3,RL,6.44,20,28.6864
0.5,7,10,10,2,3,Greedy,4.18,13,11.3476
0.5,7,10,10,2,3,Periodic,3.16,9,4.2144
0.5,7,10,10,2,3,RL,3.4,10,6.0
0.5,7,10,10,2,3,Greedy,3.04,9,5.598399999999998
0.5,7,10,10,2,3,Periodic,2.92,8,3.6735999999999995
0.5,7,10,10,2,3,RL,3.34,13,9.584400000000002
0.5,7,10,10,2,3,Greedy,3.82,13,10.627599999999997
0.5,7,10,10,2,3,Periodic,3.24,10,5.2224
0.5,7,10,10,2,3,RL,3.7,13,9.850000000000001
0.5,7,10,10,2,3,Greedy,4.34,13,10.8244
0.5,7,10,10,2,3,Periodic,2.68,6,2.8575999999999997
0.5,7,10,10,2,3,RL,2.5,8,2.93
0.5,7,10,10,2,3,Greedy,4.72,15,14.921600000000002
0.5,7,10,10,2,3,Periodic,2.68,6,2.8575999999999997
0.5,7,10,10,2,3,RL,3.54,11,7.248399999999999
0.5,7,10,10,2,3,Greedy,3.04,9,5.598399999999998
0.5,7,10,10,2,3,Periodic,2.92,8,3.6735999999999995
0.5,7,10,10,2,3,RL,3.7,10,6.81
0.5,7,10,10,2,3,Greedy,3.82,13,10.627599999999997
0.5,7,10,10,2,3,Periodic,4.44,16,16.4064
0.5,7,10,10,2,3,RL,3.16,10,5.654400000000001
0.5,7,10,10,2,3,Greedy,4.42,16,17.6836
0.5,7,10,10,2,3,Periodic,2.96,8,3.5984000000000003
0.5,7,10,10,2,3,RL,9.74,29,80.1124
0.5,7,10,10,2,3,Greedy,5.28,17,19.961599999999997
0.5,7,10,10,2,3,Periodic,3.64,10,6.2303999999999995
0.5,7,10,10,2,3,RL,3.58,11,8.563600000000001
0.5,7,10,10,2,3,Greedy,4.96,14,13.2784
0.5,7,10,10,2,3,Periodic,2.68,6,2.8575999999999997
0.5,7,10,10,4,1,RL,4.16,13,9.6144
0.5,7,10,10,4,1,Greedy,3.6,10,5.68
0.5,7,10,10,4,1,Periodic,2.94,8,3.6164
0.5,7,10,10,4,1,RL,4.02,9,5.9796
0.5,7,10,10,4,1,Greedy,5.68,17,19.6176
0.5,7,10,10,4,1,Periodic,4.14,13,9.3604
0.5,7,10,10,4,1,RL,4.12,10,6.865600000000001
0.5,7,10,10,4,1,Greedy,4.02,10,7.379599999999999
0.5,7,10,10,4,1,Periodic,3.1,8,3.5300000000000007
0.5,7,10,10,4,1,RL,4.72,15,13.521600000000001
0.5,7,10,10,4,1,Greedy,3.58,10,5.7636
0.5,7,10,10,4,1,Periodic,3.26,10,5.1524
0.5,7,10,10,4,1,RL,5.96,17,20.1184
0.5,7,10,10,4,1,Greedy,5.76,18,21.542400000000008
0.5,7,10,10,4,1,Periodic,2.7,6,2.81
0.5,7,10,10,4,1,RL,3.28,10,5.2816
0.5,7,10,10,4,1,Greedy,5.44,18,21.606399999999997
0.5,7,10,10,4,1,Periodic,2.98,8,3.5396000000000005
0.5,7,10,10,4,1,RL,3.3,8,3.77
0.5,7,10,10,4,1,Greedy,3.86,10,5.960400000000002
0.5,7,10,10,4,1,Periodic,2.74,6,2.7524
0.5,7,10,10,4,1,RL,3.58,9,4.9236
0.5,7,10,10,4,1,Greedy,3.76,10,6.1824
0.5,7,10,10,4,1,Periodic,2.7,6,2.81
0.5,7,10,10,4,1,RL,3.84,11,7.134399999999999
0.5,7,10,10,4,1,Greedy,4.16,11,8.414399999999999
0.5,7,10,10,4,1,Periodic,2.94,8,3.6164
0.5,7,10,10,4,1,RL,2.88,7,2.9856
0.5,7,10,10,4,1,Greedy,3.7,10,5.85
0.5,7,10,10,4,1,Periodic,2.94,8,3.6164
0.5,7,10,10,4,2,RL,3.56,8,5.4464
0.5,7,10,10,4,2,Greedy,4.86,13,10.2404
0.5,7,10,10,4,2,Periodic,3.9,8,5.690000000000001
0.5,7,10,10,4,2,RL,3.46,9,4.6884
0.5,7,10,10,4,2,Greedy,3.54,9,5.888399999999999
0.5,7,10,10,4,2,Periodic,3.9,8,5.690000000000001
0.5,7,10,10,4,2,RL,4.16,11,7.774399999999999
0.5,7,10,10,4,2,Greedy,4.4,11,8.280000000000001
0.5,7,10,10,4,2,Periodic,3.9,8,5.690000000000001
0.5,7,10,10,4,2,RL,5.08,15,14.593599999999999
0.5,7,10,10,4,2,Greedy,3.78,10,6.331600000000002
0.5,7,10,10,4,2,Periodic,3.9,8,5.690000000000001
0.5,7,10,10,4,2,RL,3.86,12,8.0804
0.5,7,10,10,4,2,Greedy,4.08,10,6.833599999999999
0.5,7,10,10,4,2,Periodic,3.9,8,5.690000000000001
0.5,7,10,10,4,2,RL,3.58,8,5.3236
0.5,7,10,10,4,2,Greedy,3.4,8,5.3199999999999985
0.5,7,10,10,4,2,Periodic,3.9,8,5.690000000000001
0.5,7,10,10,4,2,RL,4.64,16,16.3104
0.5,7,10,10,4,2,Greedy,3.72,10,6.5615999999999985
0.5,7,10,10,4,2,Periodic,6.14,18,20.6404
0.5,7,10,10,4,2,RL,3.42,10,5.2036
0.5,7,10,10,4,2,Greedy,4.34,10,7.6644
0.5,7,10,10,4,2,Periodic,3.9,8,5.690000000000001
0.5,7,10,10,4,2,RL,6.42,19,25.4036
0.5,7,10,10,4,2,Greedy,4.02,10,7.0996000000000015
0.5,7,10,10,4,2,Periodic,3.9,8,5.690000000000001
0.5,7,10,10,4,2,RL,3.28,9,4.6416
0.5,7,10,10,4,2,Greedy,4.2,10,7.600000000000001
0.5,7,10,10,4,2,Periodic,3.9,8,5.690000000000001
0.5,7,10,10,4,3,RL,3.5,9,5.89
0.5,7,10,10,4,3,Greedy,3.8,8,6.159999999999999
0.5,7,10,10,4,3,Periodic,3.88,8,5.7856000000000005
0.5,7,10,10,4,3,RL,3.86,10,6.6404
0.5,7,10,10,4,3,Greedy,3.96,9,6.518399999999999
0.5,7,10,10,4,3,Periodic,3.88,8,5.7856000000000005
0.5,7,10,10,4,3,RL,4.16,11,8.0944
0.5,7,10,10,4,3,Greedy,3.8,8,6.159999999999999
0.5,7,10,10,4,3,Periodic,3.88,8,5.7856000000000005
0.5,7,10,10,4,3,RL,3.74,10,6.352399999999999
0.5,7,10,10,4,3,Greedy,3.96,9,6.518399999999999
0.5,7,10,10,4,3,Periodic,3.88,8,5.7856000000000005
0.5,7,10,10,4,3,RL,3.64,10,6.4704
0.5,7,10,10,4,3,Greedy,3.96,9,6.518399999999999
0.5,7,10,10,4,3,Periodic,3.88,8,5.7856000000000005
0.5,7,10,10,4,3,RL,4.64,16,16.390400000000003
0.5,7,10,10,4,3,Greedy,4.46,10,7.4884
0.5,7,10,10,4,3,Periodic,3.88,8,5.7856000000000005
0.5,7,10,10,4,3,RL,3.62,12,8.1556
0.5,7,10,10,4,3,Greedy,6.64,20,27.270399999999995
0.5,7,10,10,4,3,Periodic,3.88,8,5.7856000000000005
0.5,7,10,10,4,3,RL,3.08,10,4.8736
0.5,7,10,10,4,3,Greedy,3.96,9,6.518399999999999
0.5,7,10,10,4,3,Periodic,3.88,8,5.7856000000000005
0.5,7,10,10,4,3,RL,3.46,8,4.4084
0.5,7,10,10,4,3,Greedy,3.8,8,6.159999999999999
0.5,7,10,10,4,3,Periodic,3.88,8,5.7856000000000005
0.5,7,10,10,4,3,RL,3.36,9,5.8304
0.5,7,10,10,4,3,Greedy,5.74,18,21.632400000000004
0.5,7,10,10,4,3,Periodic,5.8,18,21.119999999999994
0.8,3,0,10,2,1,RL,1.8,6,1.6000000000000003
0.8,3,0,10,2,1,Greedy,1.7,5,1.25
0.8,3,0,10,2,1,Periodic,1.9,4,0.8899999999999999
0.8,3,0,10,2,1,RL,1.36,4,0.5503999999999999
0.8,3,0,10,2,1,Greedy,1.7,4,1.05
0.8,3,0,10,2,1,Periodic,1.9,4,0.8899999999999999
0.8,3,0,10,2,1,RL,1.9,4,0.8899999999999999
0.8,3,0,10,2,1,Greedy,1.66,4,1.0243999999999998
0.8,3,0,10,2,1,Periodic,1.9,4,0.8899999999999999
0.8,3,0,10,2,1,RL,1.32,3,0.4176
0.8,3,0,10,2,1,Greedy,1.62,4,1.0356
0.8,3,0,10,2,1,Periodic,1.9,4,0.8899999999999999
0.8,3,0,10,2,1,RL,2.52,6,1.7696
0.8,3,0,10,2,1,Greedy,1.74,5,1.2324000000000002
0.8,3,0,10,2,1,Periodic,1.9,4,0.8899999999999999
0.8,3,0,10,2,1,RL,2.98,8,3.5395999999999996
0.8,3,0,10,2,1,Greedy,1.68,5,1.2576000000000003
0.8,3,0,10,2,1,Periodic,1.9,4,0.8899999999999999
0.8,3,0,10,2,1,RL,2.6,6,2.28
0.8,3,0,10,2,1,Greedy,1.7,5,1.25
0.8,3,0,10,2,1,Periodic,1.9,4,0.8899999999999999
0.8,3,0,10,2,1,RL,2.62,11,6.475599999999999
0.8,3,0,10,2,1,Greedy,1.64,4,1.0304
0.8,3,0,10,2,1,Periodic,1.9,4,0.8899999999999999
0.8,3,0,10,2,1,RL,3.18,7,2.7876
0.8,3,0,10,2,1,Greedy,1.66,4,1.0644
0.8,3,0,10,2,1,Periodic,1.9,4,0.8899999999999999
0.8,3,0,10,2,1,RL,3.82,8,3.7476
0.8,3,0,10,2,1,Greedy,1.62,4,1.0356
0.8,3,0,10,2,1,Periodic,1.9,4,0.8899999999999999
0.8,3,0,10,2,2,RL,2.06,7,1.8563999999999998
0.8,3,0,10,2,2,Greedy,2.0,5,2.0
0.8,3,0,10,2,2,Periodic,2.7,6,2.81
0.8,3,0,10,2,2,RL,1.36,3,0.4304
0.8,3,0,10,2,2,Greedy,2.0,5,2.0
0.8,3,0,10,2,2,Periodic,2.7,6,2.81
0.8,3,0,10,2,2,RL,1.42,4,0.6836000000000001
0.8,3,0,10,2,2,Greedy,2.0,5,2.0
0.8,3,0,10,2,2,Periodic,2.7,6,2.81
0.8,3,0,10,2,2,RL,1.3,3,0.4099999999999999
0.8,3,0,10,2,2,Greedy,2.0,5,2.0
0.8,3,0,10,2,2,Periodic,2.7,6,2.81
0.8,3,0,10,2,2,RL,2.9,7,4.05
0.8,3,0,10,2,2,Greedy,2.0,5,2.0
0.8,3,0,10,2,2,Periodic,2.7,6,2.81
0.8,3,0,10,2,2,RL,2.02,5,1.9796
0.8,3,0,10,2,2,Greedy,2.44,7,3.3664000000000005
0.8,3,0,10,2,2,Periodic,2.7,6,2.81
0.8,3,0,10,2,2,RL,1.8,6,1.2000000000000002
0.8,3,0,10,2,2,Greedy,2.1,6,2.29
0.8,3,0,10,2,2,Periodic,2.7,6,2.81
0.8,3,0,10,2,2,RL,1.86,4,0.9203999999999999
0.8,3,0,10,2,2,Greedy,2.0,5,2.0
0.8,3,0,10,2,2,Periodic,2.7,6,2.81
0.8,3,0,10,2,2,RL,1.64,5,0.9103999999999999
0.8,3,0,10,2,2,Greedy,2.36,8,3.350400000000001
0.8,3,0,10,2,2,Periodic,2.7,6,2.81
0.8,3,0,10,2,2,RL,1.62,5,0.9555999999999999
0.8,3,0,10,2,2,Greedy,2.0,5,2.0
0.8,3,0,10,2,2,Periodic,2.7,6,2.81
0.8,3,0,10,2,3,RL,2.08,6,1.9536000000000002
0.8,3,0,10,2,3,Greedy,1.6,3,0.64
0.8,3,0,10,2,3,Periodic,2.68,6,2.8575999999999997
0.8,3,0,10,2,3,RL,1.96,6,1.7584
0.8,3,0,10,2,3,Greedy,1.78,6,1.2915999999999999
0.8,3,0,10,2,3,Periodic,2.68,6,2.8575999999999997
0.8,3,0,10,2,3,RL,1.5,3,0.45
0.8,3,0,10,2,3,Greedy,1.78,6,1.2915999999999999
0.8,3,0,10,2,3,Periodic,2.68,6,2.8575999999999997
0.8,3,0,10,2,3,RL,1.64,4,0.7504
0.8,3,0,10,2,3,Greedy,1.6,3,0.64
0.8,3,0,10,2,3,Periodic,2.68,6,2.8575999999999997
0.8,3,0,10,2,3,RL,1.82,7,1.8675999999999993
0.8,3,0,10,2,3,Greedy,2.22,8,3.0116
0.8,3,0,10,2,3,Periodic,2.68,6,2.8575999999999997
0.8,3,0,10,2,3,RL,1.58,5,0.8435999999999999
0.8,3,0,10,2,3,Greedy,1.6,3,0.64
0.8,3,0,10,2,3,Periodic,2.68,6,2.8575999999999997
0.8,3,0,10,2,3,RL,1.76,6,1.2623999999999997
0.8,3,0,10,2,3,Greedy,1.6,3,0.64
0.8,3,0,10,2,3,Periodic,2.68,6,2.8575999999999997
0.8,3,0,10,2,3,RL,1.7,5,0.97
0.8,3,0,10,2,3,Greedy,2.22,8,3.0115999999999996
0.8,3,0,10,2,3,Periodic,2.68,6,2.8575999999999997
0.8,3,0,10,2,3,RL,1.44,3,0.4464
0.8,3,0,10,2,3,Greedy,1.96,6,1.8784
0.8,3,0,10,2,3,Periodic,2.68,6,2.8575999999999997
0.8,3,0,10,2,3,RL,2.26,6,1.7523999999999997
0.8,3,0,10,2,3,Greedy,1.96,6,1.8783999999999998
0.8,3,0,10,2,3,Periodic,2.68,6,2.8575999999999997
0.8,3,0,10,4,1,RL,3.32,9,3.7376
0.8,3,0,10,4,1,Greedy,2.5,6,3.25
0.8,3,0,10,4,1,Periodic,2.7,6,2.81
0.8,3,0,10,4,1,RL,3.74,11,7.1124
0.8,3,0,10,4,1,Greedy,2.5,6,3.25
0.8,3,0,10,4,1,Periodic,2.7,6,2.81
0.8,3,0,10,4,1,RL,4.0,10,6.64
0.8,3,0,10,4,1,Greedy,2.52,6,3.2096
0.8,3,0,10,4,1,Periodic,2.7,6,2.81
0.8,3,0,10,4,1,RL,3.72,9,4.6015999999999995
0.8,3,0,10,4,1,Greedy,2.5,6,3.25
0.8,3,0,10,4,1,Periodic,2.7,6,2.81
0.8,3,0,10,4,1,RL,2.52,6,3.2096
0.8,3,0,10,4,1,Greedy,2.62,7,3.5956000000000006
0.8,3,0,10,4,1,Periodic,2.7,6,2.81
0.8,3,0,10,4,1,RL,3.4,9,4.8
0.8,3,0,10,4,1,Greedy,2.5,6,3.25
0.8,3,0,10,4,1,Periodic,2.7,6,2.81
0.8,3,0,10,4,1,RL,2.5,6,3.25
0.8,3,0,10,4,1,Greedy,2.5,6,3.25
0.8,3,0,10,4,1,Periodic,2.7,6,2.81
0.8,3,0,10,4,1,RL,2.0,5,2.0
0.8,3,0,10,4,1,Greedy,2.5,6,3.25
0.8,3,0,10,4,1,Periodic,2.7,6,2.81
0.8,3,0,10,4,1,RL,2.08,5,1.9535999999999996
0.8,3,0,10,4,1,Greedy,2.76,8,4.1024
0.8,3,0,10,4,1,Periodic,2.7,6,2.81
0.8,3,0,10,4,1,RL,3.1,9,5.490000000000001
0.8,3,0,10,4,1,Greedy,2.52,6,3.2096
0.8,3,0,10,4,1,Periodic,2.7,6,2.81
0.8,3,0,10,4,2,RL,2.88,8,4.4256
0.8,3,0,10,4,2,Greedy,3.1,7,4.69
0.8,3,0,10,4,2,Periodic,3.9,8,5.690000000000001
0.8,3,0,10,4,2,RL,5.5,10,8.25
0.8,3,0,10,4,2,Greedy,3.1,7,4.69
0.8,3,0,10,4,2,Periodic,3.9,8,5.690000000000001
0.8,3,0,10,4,2,RL,2.7,6,2.81
0.8,3,0,10,4,2,Greedy,3.1,7,4.69
0.8,3,0,10,4,2,Periodic,3.9,8,5.690000000000001
0.8,3,0,10,4,2,RL,2.78,7,3.6115999999999997
0.8,3,0,10,4,2,Greedy,3.1,7,4.69
0.8,3,0,10,4,2,Periodic,3.9,8,5.690000000000001
0.8,3,0,10,4,2,RL,2.68,6,2.9375999999999993
0.8,3,0,10,4,2,Greedy,3.1,7,4.69
0.8,3,0,10,4,2,Periodic,3.9,8,5.690000000000001
0.8,3,0,10,4,2,RL,3.18,9,5.387600000000001
0.8,3,0,10,4,2,Greedy,3.1,7,4.69
0.8,3,0,10,4,2,Periodic,3.9,8,5.690000000000001
0.8,3,0,10,4,2,RL,2.3,5,1.8099999999999996
0.8,3,0,10,4,2,Greedy,3.1,7,4.69
0.8,3,0,10,4,2,Periodic,3.9,8,5.690000000000001
0.8,3,0,10,4,2,RL,2.52,9,4.1696
0.8,3,0,10,4,2,Greedy,3.1,7,4.69
0.8,3,0,10,4,2,Periodic,3.9,8,5.690000000000001
0.8,3,0,10,4,2,RL,4.14,9,7.160399999999999
0.8,3,0,10,4,2,Greedy,3.1,7,4.69
0.8,3,0,10,4,2,Periodic,3.9,8,5.690000000000001
0.8,3,0,10,4,2,RL,2.56,7,3.1264000000000003
0.8,3,0,10,4,2,Greedy,3.1,7,4.69
0.8,3,0,10,4,2,Periodic,3.9,8,5.690000000000001
0.8,3,0,10,4,3,RL,2.6,6,3.04
0.8,3,0,10,4,3,Greedy,3.8,8,6.159999999999999
0.8,3,0,10,4,3,Periodic,3.88,8,5.7856000000000005
0.8,3,0,10,4,3,RL,2.0,5,2.0
0.8,3,0,10,4,3,Greedy,3.8,8,6.159999999999999
0.8,3,0,10,4,3,Periodic,3.88,8,5.7856000000000005
0.8,3,0,10,4,3,RL,2.1,5,1.8900000000000003
0.8,3,0,10,4,3,Greedy,3.8,8,6.159999999999999
0.8,3,0,10,4,3,Periodic,3.88,8,5.7856000000000005
0.8,3,0,10,4,3,RL,2.76,6,2.7824
0.8,3,0,10,4,3,Greedy,3.8,8,6.159999999999999
0.8,3,0,10,4,3,Periodic,3.88,8,5.7856000000000005
0.8,3,0,10,4,3,RL,4.1,9,7.330000000000001
0.8,3,0,10,4,3,Greedy,3.8,8,6.159999999999999
0.8,3,0,10,4,3,Periodic,3.88,8,5.7856000000000005
0.8,3,0,10,4,3,RL,2.6,6,3.04
0.8,3,0,10,4,3,Greedy,3.8,8,6.159999999999999
0.8,3,0,10,4,3,Periodic,3.88,8,5.7856000000000005
0.8,3,0,10,4,3,RL,2.12,6,2.2656000000000005
0.8,3,0,10,4,3,Greedy,3.8,8,6.159999999999999
0.8,3,0,10,4,3,Periodic,3.88,8,5.7856000000000005
0.8,3,0,10,4,3,RL,2.92,8,4.1136
0.8,3,0,10,4,3,Greedy,3.8,8,6.159999999999999
0.8,3,0,10,4,3,Periodic,3.88,8,5.7856000000000005
0.8,3,0,10,4,3,RL,6.82,17,26.867599999999996
0.8,3,0,10,4,3,Greedy,3.8,8,6.159999999999999
0.8,3,0,10,4,3,Periodic,3.88,8,5.7856000000000005
0.8,3,0,10,4,3,RL,5.82,15,20.267599999999998
0.8,3,0,10,4,3,Greedy,3.8,8,6.159999999999999
0.8,3,0,10,4,3,Periodic,3.88,8,5.7856000000000005
0.8,3,5,10,2,1,RL,2.56,7,2.8064
0.8,3,5,10,2,1,Greedy,1.84,4,1.0544
0.8,3,5,10,2,1,Periodic,1.98,4,0.9795999999999999
0.8,3,5,10,2,1,RL,1.98,5,1.5796
0.8,3,5,10,2,1,Greedy,2.02,7,2.0996000000000006
0.8,3,5,10,2,1,Periodic,1.98,4,0.9795999999999999
0.8,3,5,10,2,1,RL,1.54,3,0.6083999999999998
0.8,3,5,10,2,1,Greedy,2.06,7,2.0563999999999996
0.8,3,5,10,2,1,Periodic,1.9,4,0.8899999999999999
0.8,3,5,10,2,1,RL,2.0,6,1.52
0.8,3,5,10,2,1,Greedy,1.86,4,1.0804
0.8,3,5,10,2,1,Periodic,1.9,4,0.8899999999999999
0.8,3,5,10,2,1,RL,1.82,5,1.3075999999999997
0.8,3,5,10,2,1,Greedy,1.86,5,1.2404
0.8,3,5,10,2,1,Periodic,1.98,4,0.9795999999999999
0.8,3,5,10,2,1,RL,2.26,7,2.1523999999999996
0.8,3,5,10,2,1,Greedy,2.18,7,2.2676
0.8,3,5,10,2,1,Periodic,1.98,4,0.9795999999999999
0.8,3,5,10,2,1,RL,2.14,5,1.8403999999999998
0.8,3,5,10,2,1,Greedy,1.84,4,1.0544
0.8,3,5,10,2,1,Periodic,1.9,4,0.8899999999999999
0.8,3,5,10,2,1,RL,2.3,7,2.77
0.8,3,5,10,2,1,Greedy,2.08,5,1.5535999999999996
0.8,3,5,10,2,1,Periodic,1.9,4,0.8899999999999999
0.8,3,5,10,2,1,RL,2.2,6,2.04
0.8,3,5,10,2,1,Greedy,2.06,6,1.6163999999999998
0.8,3,5,10,2,1,Periodic,1.9,4,0.8899999999999999
0.8,3,5,10,2,1,RL,2.54,6,3.1683999999999997
0.8,3,5,10,2,1,Greedy,2.04,7,2.0784
0.8,3,5,10,2,1,Periodic,1.9,4,0.8899999999999999
0.8,3,5,10,2,2,RL,2.44,7,2.4863999999999997
0.8,3,5,10,2,2,Greedy,2.76,8,3.7024
0.8,3,5,10,2,2,Periodic,2.7,6,2.81
0.8,3,5,10,2,2,RL,2.82,9,3.6275999999999997
0.8,3,5,10,2,2,Greedy,2.32,6,2.4576000000000002
0.8,3,5,10,2,2,Periodic,2.7,6,2.81
0.8,3,5,10,2,2,RL,2.32,5,1.5376000000000003
0.8,3,5,10,2,2,Greedy,2.38,5,2.0755999999999997
0.8,3,5,10,2,2,Periodic,2.7,6,2.81
0.8,3,5,10,2,2,RL,2.02,8,2.5396000000000005
0.8,3,5,10,2,2,Greedy,2.38,5,2.0756
0.8,3,5,10,2,2,Periodic,2.7,6,2.81
0.8,3,5,10,2,2,RL,2.46,6,1.9684
0.8,3,5,10,2,2,Greedy,2.64,9,3.9903999999999997
0.8,3,5,10,2,2,Periodic,2.7,6,2.81
0.8,3,5,10,2,2,RL,2.22,5,1.5716000000000003
0.8,3,5,10,2,2,Greedy,2.12,5,1.9456000000000002
0.8,3,5,10,2,2,Periodic,2.7,6,2.81
0.8,3,5,10,2,2,RL,1.8,4,0.7600000000000001
0.8,3,5,10,2,2,Greedy,3.16,10,6.1343999999999985
0.8,3,5,10,2,2,Periodic,2.7,6,2.81
0.8,3,5,10,2,2,RL,1.96,5,1.1984
0.8,3,5,10,2,2,Greedy,2.7,9,3.9700000000000006
0.8,3,5,10,2,2,Periodic,2.7,6,2.81
0.8,3,5,10,2,2,RL,1.68,4,1.0176000000000003
0.8,3,5,10,2,2,Greedy,2.58,8,3.4836
0.8,3,5,10,2,2,Periodic,2.7,6,2.81
0.8,3,5,10,2,2,RL,2.0,6,1.56
0.8,3,5,10,2,2,Greedy,2.34,7,2.6244
0.8,3,5,10,2,2,Periodic,2.7,6,2.81
0.8,3,5,10,2,3,RL,2.38,7,2.1555999999999997
0.8,3,5,10,2,3,Greedy,2.08,6,1.8335999999999997
0.8,3,5,10,2,3,Periodic,2.68,6,2.8575999999999997
0.8,3,5,10,2,3,RL,2.5,6,2.61
0.8,3,5,10,2,3,Greedy,2.32,6,2.2576
0.8,3,5,10,2,3,Periodic,2.68,6,2.8575999999999997
0.8,3,5,10,2,3,RL,2.38,7,2.1555999999999997
0.8,3,5,10,2,3,Greedy,3.04,9,5.598399999999999
0.8,3,5,10,2,3,Periodic,2.68,6,2.8575999999999997
0.8,3,5,10,2,3,RL,2.18,6,2.1875999999999998
0.8,3,5,10,2,3,Greedy,2.08,6,1.8335999999999997
0.8,3,5,10,2,3,Periodic,2.68,6,2.8575999999999997
0.8,3,5,10,2,3,RL,2.92,8,4.1536
0.8,3,5,10,2,3,Greedy,2.26,6,2.3124
0.8,3,5,10,2,3,Periodic,2.68,6,2.8575999999999997
0.8,3,5,10,2,3,RL,2.16,6,1.7344000000000002
0.8,3,5,10,2,3,Greedy,2.04,6,1.8383999999999998
0.8,3,5,10,2,3,Periodic,2.68,6,2.8575999999999997
0.8,3,5,10,2,3,RL,2.22,7,1.9715999999999996
0.8,3,5,10,2,3,Greedy,2.8,9,4.36
0.8,3,5,10,2,3,Periodic,2.68,6,2.8575999999999997
0.8,3,5,10,2,3,RL,1.54,3,0.5683999999999999
0.8,3,5,10,2,3,Greedy,2.44,7,2.6464000000000003
0.8,3,5,10,2,3,Periodic,2.68,6,2.8575999999999997
0.8,3,5,10,2,3,RL,2.1,5,1.33
0.8,3,5,10,2,3,Greedy,2.32,6,2.2576
0.8,3,5,10,2,3,Periodic,2.68,6,2.8575999999999997
0.8,3,5,10,2,3,RL,1.76,4,0.7824
0.8,3,5,10,2,3,Greedy,2.62,9,4.1556
0.8,3,5,10,2,3,Periodic,2.68,6,2.8575999999999997
0.8,3,5,10,4,1,RL,4.16,10,8.414399999999999
0.8,3,5,10,4,1,Greedy,2.8,8,4.0
0.8,3,5,10,4,1,Periodic,2.7,6,2.81
0.8,3,5,10,4,1,RL,2.76,7,3.2224
0.8,3,5,10,4,1,Greedy,2.52,6,3.2096
0.8,3,5,10,4,1,Periodic,2.94,8,3.6164000000000005
0.8,3,5,10,4,1,RL,3.2,8,4.239999999999999
0.8,3,5,10,4,1,Greedy,2.5,6,3.25
0.8,3,5,10,4,1,Periodic,2.7,6,2.81
0.8,3,5,10,4,1,RL,2.72,7,3.5616000000000003
0.8,3,5,10,4,1,Greedy,2.58,6,3.1235999999999997
0.8,3,5,10,4,1,Periodic,2.7,6,2.81
0.8,3,5,10,4,1,RL,2.72,8,4.4416
0.8,3,5,10,4,1,Greedy,2.52,6,3.209599999999999
0.8,3,5,10,4,1,Periodic,2.7,6,2.81
0.8,3,5,10,4,1,RL,4.76,18,23.8624
0.8,3,5,10,4,1,Greedy,3.52,12,8.1696
0.8,3,5,10,4,1,Periodic,2.7,6,2.81
0.8,3,5,10,4,1,RL,2.34,6,2.3844
0.8,3,5,10,4,1,Greedy,2.58,6,3.0836
0.8,3,5,10,4,1,Periodic,2.7,6,2.81
0.8,3,5,10,4,1,RL,2.24,7,2.7024
0.8,3,5,10,4,1,Greedy,2.56,6,3.1664000000000003
0.8,3,5,10,4,1,Periodic,2.7,6,2.81
0.8,3,5,10,4,1,RL,2.62,6,3.0756
0.8,3,5,10,4,1,Greedy,3.06,8,4.696399999999999
0.8,3,5,10,4,1,Periodic,2.7,6,2.81
0.8,3,5,10,4,1,RL,2.88,7,4.3456
0.8,3,5,10,4,1,Greedy,2.64,7,3.5504000000000002
0.8,3,5,10,4,1,Periodic,2.7,6,2.81
0.8,3,5,10,4,2,RL,3.22,8,4.9716000000000005
0.8,3,5,10,4,2,Greedy,3.1,7,4.69
0.8,3,5,10,4,2,Periodic,3.9,8,5.690000000000001
0.8,3,5,10,4,2,RL,2.52,7,3.2496000000000005
0.8,3,5,10,4,2,Greedy,3.1,7,4.69
0.8,3,5,10,4,2,Periodic,3.9,8,5.690000000000001
0.8,3,5,10,4,2,RL,2.16,6,2.2144000000000004
0.8,3,5,10,4,2,Greedy,3.1,7,4.69
0.8,3,5,10,4,2,Periodic,3.9,8,5.690000000000001
0.8,3,5,10,4,2,RL,2.6,9,4.000000000000001
0.8,3,5,10,4,2,Greedy,3.24,8,5.062399999999999
0.8,3,5,10,4,2,Periodic,3.9,8,5.690000000000001
0.8,3,5,10,4,2,RL,2.28,7,2.6815999999999995
0.8,3,5,10,4,2,Greedy,3.1,7,4.69
0.8,3,5,10,4,2,Periodic,3.9,8,5.690000000000001
0.8,3,5,10,4,2,RL,3.14,8,3.7603999999999997
0.8,3,5,10,4,2,Greedy,3.1,7,4.69
0.8,3,5,10,4,2,Periodic,3.9,8,5.690000000000001
0.8,3,5,10,4,2,RL,2.92,9,5.0336
0.8,3,5,10,4,2,Greedy,3.1,7,4.69
0.8,3,5,10,4,2,Periodic,3.9,8,5.690000000000001
0.8,3,5,10,4,2,RL,3.6,9,5.0
0.8,3,5,10,4,2,Greedy,3.1,7,4.69
0.8,3,5,10,4,2,Periodic,3.9,8,5.690000000000001
0.8,3,5,10,4,2,RL,2.72,7,2.9216000000000006
0.8,3,5,10,4,2,Greedy,3.1,7,4.69
0.8,3,5,10,4,2,Periodic,3.9,8,5.690000000000001
0.8,3,5,10,4,2,RL,3.54,9,5.168399999999999
0.8,3,5,10,4,2,Greedy,3.24,8,5.0624
0.8,3,5,10,4,2,Periodic,3.9,8,5.690000000000001
0.8,3,5,10,4,3,RL,4.22,16,17.2516
0.8,3,5,10,4,3,Greedy,3.8,8,6.159999999999999
0.8,3,5,10,4,3,Periodic,3.88,8,5.7856000000000005
0.8,3,5,10,4,3,RL,2.28,6,2.0816
0.8,3,5,10,4,3,Greedy,3.8,8,6.159999999999999
0.8,3,5,10,4,3,Periodic,3.88,8,5.7856000000000005
0.8,3,5,10,4,3,RL,3.18,8,4.9076
0.8,3,5,10,4,3,Greedy,3.8,8,6.159999999999999
0.8,3,5,10,4,3,Periodic,3.88,8,5.7856000000000005
0.8,3,5,10,4,3,RL,2.5,7,3.25
0.8,3,5,10,4,3,Greedy,3.8,8,6.159999999999999
0.8,3,5,10,4,3,Periodic,3.88,8,5.7856000000000005
0.8,3,5,10,4,3,RL,3.68,13,9.577600000000002
0.8,3,5,10,4,3,Greedy,3.8,8,6.159999999999999
0.8,3,5,10,4,3,Periodic,3.88,8,5.7856000000000005
0.8,3,5,10,4,3,RL,2.74,7,3.5524
0.8,3,5,10,4,3,Greedy,3.8,8,6.159999999999999
0.8,3,5,10,4,3,Periodic,3.88,8,5.7856000000000005
0.8,3,5,10,4,3,RL,3.38,9,5.435600000000001
0.8,3,5,10,4,3,Greedy,3.8,8,6.159999999999999
0.8,3,5,10,4,3,Periodic,3.88,8,5.7856000000000005
0.8,3,5,10,4,3,RL,2.54,8,3.4084
0.8,3,5,10,4,3,Greedy,3.96,9,6.518399999999999
0.8,3,5,10,4,3,Periodic,3.88,8,5.7856000000000005
0.8,3,5,10,4,3,RL,2.8,8,4.0
0.8,3,5,10,4,3,Greedy,3.8,8,6.159999999999999
0.8,3,5,10,4,3,Periodic,3.88,8,5.7856000000000005
0.8,3,5,10,4,3,RL,3.42,9,4.683600000000001
0.8,3,5,10,4,3,Greedy,3.8,8,6.159999999999999
0.8,3,5,10,4,3,Periodic,3.88,8,5.7856000000000005
0.8,3,10,10,2,1,RL,4.06,11,9.2564
0.8,3,10,10,2,1,Greedy,3.68,10,7.217600000000002
0.8,3,10,10,2,1,Periodic,3.18,10,5.347600000000001
0.8,3,10,10,2,1,RL,4.38,14,12.835600000000005
0.8,3,10,10,2,1,Greedy,3.58,10,7.4036
0.8,3,10,10,2,1,Periodic,3.18,10,5.347600000000001
0.8,3,10,10,2,1,RL,2.84,10,4.734399999999999
0.8,3,10,10,2,1,Greedy,3.54,10,7.2084
0.8,3,10,10,2,1,Periodic,3.18,10,5.347600000000001
0.8,3,10,10,2,1,RL,3.38,12,7.1956000000000016
0.8,3,10,10,2,1,Greedy,4.96,14,14.398400000000002
0.8,3,10,10,2,1,Periodic,3.18,10,5.347600000000001
0.8,3,10,10,2,1,RL,3.14,9,4.280399999999999
0.8,3,10,10,2,1,Greedy,3.46,10,7.288399999999999
0.8,3,10,10,2,1,Periodic,3.18,10,5.347600000000001
0.8,3,10,10,2,1,RL,3.18,10,4.747600000000001
0.8,3,10,10,2,1,Greedy,3.6,10,7.32
0.8,3,10,10,2,1,Periodic,3.18,10,5.347600000000001
0.8,3,10,10,2,1,RL,2.74,7,2.9123999999999994
0.8,3,10,10,2,1,Greedy,3.48,10,7.209599999999999
0.8,3,10,10,2,1,Periodic,3.5,10,6.73
0.8,3,10,10,2,1,RL,3.88,10,6.9856
0.8,3,10,10,2,1,Greedy,3.68,10,7.217600000000002
0.8,3,10,10,2,1,Periodic,3.18,10,5.347600000000001
0.8,3,10,10,2,1,RL,3.3,10,6.05
0.8,3,10,10,2,1,Greedy,3.58,10,7.4036
0.8,3,10,10,2,1,Periodic,3.18,10,5.347600000000001
0.8,3,10,10,2,1,RL,3.14,10,5.000399999999999
0.8,3,10,10,2,1,Greedy,4.16,11,9.6944
0.8,3,10,10,2,1,Periodic,3.18,10,5.347600000000001
0.8,3,10,10,2,2,RL,3.86,11,8.040400000000002
0.8,3,10,10,2,2,Greedy,4.52,15,15.0896
0.8,3,10,10,2,2,Periodic,3.5,10,5.69
0.8,3,10,10,2,2,RL,3.42,10,7.6836
0.8,3,10,10,2,2,Greedy,4.1,10,8.69
0.8,3,10,10,2,2,Periodic,3.5,10,5.69
0.8,3,10,10,2,2,RL,3.26,10,5.3924
0.8,3,10,10,2,2,Greedy,4.6,15,14.84
0.8,3,10,10,2,2,Periodic,3.5,10,5.69
0.8,3,10,10,2,2,RL,3.88,10,9.1056
0.8,3,10,10,2,2,Greedy,4.52,15,15.0896
0.8,3,10,10,2,2,Periodic,3.5,10,5.69
0.8,3,10,10,2,2,RL,3.42,9,4.643599999999999
0.8,3,10,10,2,2,Greedy,3.6,10,7.040000000000001
0.8,3,10,10,2,2,Periodic,3.5,10,5.69
0.8,3,10,10,2,2,RL,3.4,9,4.36
0.8,3,10,10,2,2,Greedy,3.6,10,7.040000000000001
0.8,3,10,10,2,2,Periodic,3.5,10,5.69
0.8,3,10,10,2,2,RL,3.7,10,6.09
0.8,3,10,10,2,2,Greedy,3.52,10,7.1296
0.8,3,10,10,2,2,Periodic,3.5,10,5.69
0.8,3,10,10,2,2,RL,3.46,10,6.128399999999999
0.8,3,10,10,2,2,Greedy,4.82,16,17.3876
0.8,3,10,10,2,2,Periodic,3.5,10,5.69
0.8,3,10,10,2,2,RL,3.82,10,7.5876
0.8,3,10,10,2,2,Greedy,4.1,10,8.69
0.8,3,10,10,2,2,Periodic,3.5,10,5.69
0.8,3,10,10,2,2,RL,3.0,10,4.44
0.8,3,10,10,2,2,Greedy,3.92,10,8.1536
0.8,3,10,10,2,2,Periodic,3.5,10,5.69
0.8,3,10,10,2,3,RL,3.06,9,5.096399999999999
0.8,3,10,10,2,3,Greedy,5.2,16,20.56
0.8,3,10,10,2,3,Periodic,3.48,10,5.7696
0.8,3,10,10,2,3,RL,3.06,10,4.9764
0.8,3,10,10,2,3,Greedy,3.82,13,11.3476
0.8,3,10,10,2,3,Periodic,3.48,10,5.7696
0.8,3,10,10,2,3,RL,3.08,9,3.5935999999999995
0.8,3,10,10,2,3,Greedy,4.0,13,11.2
0.8,3,10,10,2,3,Periodic,3.48,10,5.7696
0.8,3,10,10,2,3,RL,3.32,10,7.4576
0.8,3,10,10,2,3,Greedy,4.36,13,11.7904
0.8,3,10,10,2,3,Periodic,3.48,10,5.7696
0.8,3,10,10,2,3,RL,3.38,12,7.635600000000002
0.8,3,10,10,2,3,Greedy,5.74,16,19.512400000000003
0.8,3,10,10,2,3,Periodic,3.48,10,5.7696
0.8,3,10,10,2,3,RL,3.58,11,8.363599999999998
0.8,3,10,10,2,3,Greedy,3.82,13,11.3476
0.8,3,10,10,2,3,Periodic,3.48,10,5.7696
0.8,3,10,10,2,3,RL,3.34,11,7.7444000000000015
0.8,3,10,10,2,3,Greedy,5.74,16,19.512400000000003
0.8,3,10,10,2,3,Periodic,3.48,10,5.7696
0.8,3,10,10,2,3,RL,3.12,10,5.7056
0.8,3,10,10,2,3,Greedy,4.42,13,14.8036
0.8,3,10,10,2,3,Periodic,3.48,10,5.7696
0.8,3,10,10,2,3,RL,3.4,10,7.12
0.8,3,10,10,2,3,Greedy,5.7,17,22.13
0.8,3,10,10,2,3,Periodic,3.48,10,5.7696
0.8,3,10,10,2,3,RL,3.14,10,6.6404
0.8,3,10,10,2,3,Greedy,3.82,13,11.3476
0.8,3,10,10,2,3,Periodic,3.48,10,5.7696
0.8,3,10,10,4,1,RL,3.46,10,5.128399999999999
0.8,3,10,10,4,1,Greedy,3.72,10,6.281599999999998
0.8,3,10,10,4,1,Periodic,3.54,10,5.5684000000000005
0.8,3,10,10,4,1,RL,4.26,12,8.072400000000002
0.8,3,10,10,4,1,Greedy,3.82,10,7.027599999999999
0.8,3,10,10,4,1,Periodic,3.54,10,5.5684000000000005
0.8,3,10,10,4,1,RL,3.78,9,4.651599999999999
0.8,3,10,10,4,1,Greedy,3.82,10,7.027599999999999
0.8,3,10,10,4,1,Periodic,3.54,10,5.5684000000000005
0.8,3,10,10,4,1,RL,3.58,9,5.1636000000000015
0.8,3,10,10,4,1,Greedy,3.84,10,6.3344
0.8,3,10,10,4,1,Periodic,3.54,10,5.5684000000000005
0.8,3,10,10,4,1,RL,3.98,10,6.499599999999999
0.8,3,10,10,4,1,Greedy,3.64,10,6.390399999999999
0.8,3,10,10,4,1,Periodic,3.54,10,5.5684000000000005
0.8,3,10,10,4,1,RL,3.28,10,5.0416
0.8,3,10,10,4,1,Greedy,5.02,16,16.8196
0.8,3,10,10,4,1,Periodic,3.54,10,5.5684000000000005
0.8,3,10,10,4,1,RL,3.6,10,5.4
0.8,3,10,10,4,1,Greedy,3.64,10,6.390399999999999
0.8,3,10,10,4,1,Periodic,3.54,10,5.5684000000000005
0.8,3,10,10,4,1,RL,4.7,12,9.93
0.8,3,10,10,4,1,Greedy,3.82,10,7.027599999999999
0.8,3,10,10,4,1,Periodic,3.54,10,5.5684000000000005
0.8,3,10,10,4,1,RL,3.84,10,5.854399999999999
0.8,3,10,10,4,1,Greedy,3.9,10,6.889999999999999
0.8,3,10,10,4,1,Periodic,3.54,10,5.5684000000000005
0.8,3,10,10,4,1,RL,4.2,10,7.160000000000001
0.8,3,10,10,4,1,Greedy,5.04,16,16.6784
0.8,3,10,10,4,1,Periodic,3.54,10,5.5684000000000005
0.8,3,10,10,4,2,RL,4.32,10,7.6175999999999995
0.8,3,10,10,4,2,Greedy,4.54,10,8.208400000000001
0.8,3,10,10,4,2,Periodic,4.22,10,6.611599999999999
0.8,3,10,10,4,2,RL,3.72,10,6.921599999999999
0.8,3,10,10,4,2,Greedy,3.94,10,6.6964
0.8,3,10,10,4,2,Periodic,4.22,10,6.611599999999999
0.8,3,10,10,4,2,RL,3.94,10,8.0564
0.8,3,10,10,4,2,Greedy,3.9,10,6.850000000000001
0.8,3,10,10,4,2,Periodic,4.54,10,7.328399999999999
0.8,3,10,10,4,2,RL,4.24,10,8.1024
0.8,3,10,10,4,2,Greedy,3.94,10,6.6964
0.8,3,10,10,4,2,Periodic,4.54,10,7.328399999999999
0.8,3,10,10,4,2,RL,3.66,10,6.3044
0.8,3,10,10,4,2,Greedy,4.12,10,7.225599999999999
0.8,3,10,10,4,2,Periodic,4.22,10,6.611599999999999
0.8,3,10,10,4,2,RL,5.06,15,15.416400000000001
0.8,3,10,10,4,2,Greedy,4.08,10,7.393599999999999
0.8,3,10,10,4,2,Periodic,4.54,10,7.328399999999999
0.8,3,10,10,4,2,RL,3.36,10,5.830400000000001
0.8,3,10,10,4,2,Greedy,4.12,10,7.225599999999999
0.8,3,10,10,4,2,Periodic,4.22,10,6.611599999999999
0.8,3,10,10,4,2,RL,3.54,10,6.328399999999999
0.8,3,10,10,4,2,Greedy,5.48,17,19.209600000000002
0.8,3,10,10,4,2,Periodic,4.22,10,6.611599999999999
0.8,3,10,10,4,2,RL,4.16,12,8.7744
0.8,3,10,10,4,2,Greedy,4.12,10,7.225599999999999
0.8,3,10,10,4,2,Periodic,4.54,10,7.328399999999999
0.8,3,10,10,4,2,RL,3.36,10,5.1903999999999995
0.8,3,10,10,4,2,Greedy,3.94,10,6.6964
0.8,3,10,10,4,2,Periodic,4.22,10,6.611599999999999
0.8,3,10,10,4,3,RL,4.36,12,9.1904
0.8,3,10,10,4,3,Greedy,4.48,10,7.689600000000001
0.8,3,10,10,4,3,Periodic,4.2,10,6.7200000000000015
0.8,3,10,10,4,3,RL,4.16,10,7.934399999999999
0.8,3,10,10,4,3,Greedy,4.46,10,7.4884
0.8,3,10,10,4,3,Periodic,4.2,10,6.7200000000000015
0.8,3,10,10,4,3,RL,3.68,10,6.817600000000001
0.8,3,10,10,4,3,Greedy,4.3,10,7.29
0.8,3,10,10,4,3,Periodic,4.2,10,6.7200000000000015
0.8,3,10,10,4,3,RL,3.12,10,5.025599999999999
0.8,3,10,10,4,3,Greedy,4.48,10,7.689600000000001
0.8,3,10,10,4,3,Periodic,4.2,10,6.7200000000000015
0.8,3,10,10,4,3,RL,4.24,10,8.3424
0.8,3,10,10,4,3,Greedy,4.3,10,7.29
0.8,3,10,10,4,3,Periodic,4.2,10,6.7200000000000015
0.8,3,10,10,4,3,RL,3.7,10,7.21
0.8,3,10,10,4,3,Greedy,4.3,10,7.29
0.8,3,10,10,4,3,Periodic,4.2,10,6.7200000000000015
0.8,3,10,10,4,3,RL,3.98,10,7.419599999999998
0.8,3,10,10,4,3,Greedy,4.3,10,7.29
0.8,3,10,10,4,3,Periodic,4.52,10,7.4496
0.8,3,10,10,4,3,RL,3.94,10,7.376400000000001
0.8,3,10,10,4,3,Greedy,4.3,10,7.29
0.8,3,10,10,4,3,Periodic,4.2,10,6.7200000000000015
0.8,3,10,10,4,3,RL,4.02,10,6.9796
0.8,3,10,10,4,3,Greedy,4.48,10,7.689600000000001
0.8,3,10,10,4,3,Periodic,4.2,10,6.7200000000000015
0.8,3,10,10,4,3,RL,3.94,10,7.3364
0.8,3,10,10,4,3,Greedy,4.48,10,7.689600000000001
0.8,3,10,10,4,3,Periodic,4.2,10,6.7200000000000015
0.8,5,0,10,2,1,RL,1.36,3,0.4704
0.8,5,0,10,2,1,Greedy,1.68,5,1.2576000000000003
0.8,5,0,10,2,1,Periodic,1.9,4,0.8899999999999999
0.8,5,0,10,2,1,RL,1.66,5,1.2644
0.8,5,0,10,2,1,Greedy,1.6,4,1.04
0.8,5,0,10,2,1,Periodic,1.9,4,0.8899999999999999
0.8,5,0,10,2,1,RL,1.62,5,1.1556
0.8,5,0,10,2,1,Greedy,1.62,4,1.0356
0.8,5,0,10,2,1,Periodic,1.9,4,0.8899999999999999
0.8,5,0,10,2,1,RL,1.54,4,0.9284
0.8,5,0,10,2,1,Greedy,1.6,4,1.04
0.8,5,0,10,2,1,Periodic,1.9,4,0.8899999999999999
0.8,5,0,10,2,1,RL,1.66,4,0.8244
0.8,5,0,10,2,1,Greedy,1.68,5,1.2576000000000003
0.8,5,0,10,2,1,Periodic,1.9,4,0.8899999999999999
0.8,5,0,10,2,1,RL,1.44,4,0.6064
0.8,5,0,10,2,1,Greedy,1.6,4,1.04
0.8,5,0,10,2,1,Periodic,1.9,4,0.8899999999999999
0.8,5,0,10,2,1,RL,1.8,4,0.7200000000000002
0.8,5,0,10,2,1,Greedy,1.6,4,1.04
0.8,5,0,10,2,1,Periodic,1.9,4,0.8899999999999999
0.8,5,0,10,2,1,RL,2.08,6,1.3135999999999999
0.8,5,0,10,2,1,Greedy,1.6,4,1.04
0.8,5,0,10,2,1,Periodic,1.9,4,0.8899999999999999
0.8,5,0,10,2,1,RL,1.72,4,1.0016
0.8,5,0,10,2,1,Greedy,1.6,4,1.04
0.8,5,0,10,2,1,Periodic,1.9,4,0.8899999999999999
0.8,5,0,10,2,1,RL,2.14,6,2.3204000000000002
0.8,5,0,10,2,1,Greedy,1.64,4,1.0304000000000002
0.8,5,0,10,2,1,Periodic,1.9,4,0.8899999999999999
0.8,5,0,10,2,2,RL,1.78,5,1.2516
0.8,5,0,10,2,2,Greedy,2.0,5,2.0
0.8,5,0,10,2,2,Periodic,2.7,6,2.81
0.8,5,0,10,2,2,RL,2.98,10,4.379599999999999
0.8,5,0,10,2,2,Greedy,2.0,5,2.0
0.8,5,0,10,2,2,Periodic,2.7,6,2.81
0.8,5,0,10,2,2,RL,2.4,6,2.68
0.8,5,0,10,2,2,Greedy,2.0,5,2.0
0.8,5,0,10,2,2,Periodic,2.7,6,2.81
0.8,5,0,10,2,2,RL,2.02,4,1.0595999999999999
0.8,5,0,10,2,2,Greedy,2.0,5,2.0
0.8,5,0,10,2,2,Periodic,2.7,6,2.81
0.8,5,0,10,2,2,RL,1.96,5,1.1584
0.8,5,0,10,2,2,Greedy,2.0,5,2.0
0.8,5,0,10,2,2,Periodic,2.7,6,2.81
0.8,5,0,10,2,2,RL,1.72,5,1.0816
0.8,5,0,10,2,2,Greedy,2.0,5,2.0
0.8,5,0,10,2,2,Periodic,2.7,6,2.81
0.8,5,0,10,2,2,RL,1.66,4,0.7444000000000002
0.8,5,0,10,2,2,Greedy,2.0,5,2.0
0.8,5,0,10,2,2,Periodic,2.7,6,2.81
0.8,5,0,10,2,2,RL,1.96,4,0.7584000000000001
0.8,5,0,10,2,2,Greedy,2.0,5,2.0
0.8,5,0,10,2,2,Periodic,2.7,6,2.81
0.8,5,0,10,2,2,RL,2.3,8,3.53
0.8,5,0,10,2,2,Greedy,2.0,5,2.0
0.8,5,0,10,2,2,Periodic,2.7,6,2.81
0.8,5,0,10,2,2,RL,1.8,6,1.52
0.8,5,0,10,2,2,Greedy,2.0,5,2.0
0.8,5,0,10,2,2,Periodic,2.7,6,2.81
0.8,5,0,10,2,3,RL,1.96,6,1.3184
0.8,5,0,10,2,3,Greedy,1.6,3,0.64
0.8,5,0,10,2,3,Periodic,2.68,6,2.8575999999999997
0.8,5,0,10,2,3,RL,1.5,3,0.45
0.8,5,0,10,2,3,Greedy,1.6,3,0.64
0.8,5,0,10,2,3,Periodic,2.68,6,2.8575999999999997
0.8,5,0,10,2,3,RL,1.5,4,0.61
0.8,5,0,10,2,3,Greedy,1.6,3,0.64
0.8,5,0,10,2,3,Periodic,2.68,6,2.8575999999999997
0.8,5,0,10,2,3,RL,1.74,5,1.1523999999999999
0.8,5,0,10,2,3,Greedy,1.6,3,0.64
0.8,5,0,10,2,3,Periodic,2.68,6,2.8575999999999997
0.8,5,0,10,2,3,RL,1.44,3,0.4464
0.8,5,0,10,2,3,Greedy,1.6,3,0.64
0.8,5,0,10,2,3,Periodic,2.68,6,2.8575999999999997
0.8,5,0,10,2,3,RL,2.26,7,2.4724
0.8,5,0,10,2,3,Greedy,1.6,3,0.64
0.8,5,0,10,2,3,Periodic,2.68,6,2.8575999999999997
0.8,5,0,10,2,3,RL,1.94,7,2.0164
0.8,5,0,10,2,3,Greedy,1.6,3,0.64
0.8,5,0,10,2,3,Periodic,2.68,6,2.8575999999999997
0.8,5,0,10,2,3,RL,3.16,7,3.7344000000000004
0.8,5,0,10,2,3,Greedy,1.6,3,0.64
0.8,5,0,10,2,3,Periodic,2.68,6,2.8575999999999997
0.8,5,0,10,2,3,RL,1.44,3,0.4464000000000001
0.8,5,0,10,2,3,Greedy,1.6,3,0.64
0.8,5,0,10,2,3,Periodic,2.68,6,2.8575999999999997
0.8,5,0,10,2,3,RL,1.78,5,1.0916
0.8,5,0,10,2,3,Greedy,1.6,3,0.64
0.8,5,0,10,2,3,Periodic,2.68,6,2.8575999999999997
0.8,5,0,10,4,1,RL,2.0,5,2.0
0.8,5,0,10,4,1,Greedy,2.5,6,3.25
0.8,5,0,10,4,1,Periodic,2.7,6,2.81
0.8,5,0,10,4,1,RL,2.5,6,3.25
0.8,5,0,10,4,1,Greedy,2.5,6,3.25
0.8,5,0,10,4,1,Periodic,2.7,6,2.81
0.8,5,0,10,4,1,RL,2.0,5,2.0
0.8,5,0,10,4,1,Greedy,2.5,6,3.25
0.8,5,0,10,4,1,Periodic,2.7,6,2.81
0.8,5,0,10,4,1,RL,3.0,5,2.0
0.8,5,0,10,4,1,Greedy,2.5,6,3.25
0.8,5,0,10,4,1,Periodic,2.7,6,2.81
0.8,5,0,10,4,1,RL,2.96,9,4.958400000000001
0.8,5,0,10,4,1,Greedy,2.5,6,3.25
0.8,5,0,10,4,1,Periodic,2.7,6,2.81
0.8,5,0,10,4,1,RL,2.5,6,3.25
0.8,5,0,10,4,1,Greedy,2.5,6,3.25
0.8,5,0,10,4,1,Periodic,2.7,6,2.81
0.8,5,0,10,4,1,RL,2.7,6,2.81
0.8,5,0,10,4,1,Greedy,2.5,6,3.25
0.8,5,0,10,4,1,Periodic,2.7,6,2.81
0.8,5,0,10,4,1,RL,3.1,7,4.69
0.8,5,0,10,4,1,Greedy,2.5,6,3.25
0.8,5,0,10,4,1,Periodic,2.7,6,2.81
0.8,5,0,10,4,1,RL,2.74,6,2.7524
0.8,5,0,10,4,1,Greedy,2.5,6,3.25
0.8,5,0,10,4,1,Periodic,2.7,6,2.81
0.8,5,0,10,4,1,RL,2.0,5,2.0
0.8,5,0,10,4,1,Greedy,2.5,6,3.25
0.8,5,0,10,4,1,Periodic,2.7,6,2.81
0.8,5,0,10,4,2,RL,2.44,7,3.1664
0.8,5,0,10,4,2,Greedy,3.1,7,4.69
0.8,5,0,10,4,2,Periodic,3.9,8,5.690000000000001
0.8,5,0,10,4,2,RL,2.7,6,2.81
0.8,5,0,10,4,2,Greedy,3.1,7,4.69
0.8,5,0,10,4,2,Periodic,3.9,8,5.690000000000001
0.8,5,0,10,4,2,RL,2.5,7,3.29
0.8,5,0,10,4,2,Greedy,3.1,7,4.69
0.8,5,0,10,4,2,Periodic,3.9,8,5.690000000000001
0.8,5,0,10,4,2,RL,2.46,7,3.3283999999999994
0.8,5,0,10,4,2,Greedy,3.1,7,4.69
0.8,5,0,10,4,2,Periodic,3.9,8,5.690000000000001
0.8,5,0,10,4,2,RL,2.66,6,2.9044
0.8,5,0,10,4,2,Greedy,3.1,7,4.69
0.8,5,0,10,4,2,Periodic,3.9,8,5.690000000000001
0.8,5,0,10,4,2,RL,2.38,7,2.9156
0.8,5,0,10,4,2,Greedy,3.1,7,4.69
0.8,5,0,10,4,2,Periodic,3.9,8,5.690000000000001
0.8,5,0,10,4,2,RL,2.0,5,2.0
0.8,5,0,10,4,2,Greedy,3.1,7,4.69
0.8,5,0,10,4,2,Periodic,3.9,8,5.690000000000001
0.8,5,0,10,4,2,RL,3.28,11,6.6816
0.8,5,0,10,4,2,Greedy,3.1,7,4.69
0.8,5,0,10,4,2,Periodic,3.9,8,5.690000000000001
0.8,5,0,10,4,2,RL,2.12,5,1.8656000000000004
0.8,5,0,10,4,2,Greedy,3.1,7,4.69
0.8,5,0,10,4,2,Periodic,3.9,8,5.690000000000001
0.8,5,0,10,4,2,RL,2.0,5,2.0
0.8,5,0,10,4,2,Greedy,3.1,7,4.69
0.8,5,0,10,4,2,Periodic,3.9,8,5.690000000000001
0.8,5,0,10,4,3,RL,2.42,5,1.8436000000000001
0.8,5,0,10,4,3,Greedy,3.8,8,6.159999999999999
0.8,5,0,10,4,3,Periodic,3.88,8,5.7856000000000005
0.8,5,0,10,4,3,RL,2.26,7,2.6724
0.8,5,0,10,4,3,Greedy,3.8,8,6.159999999999999
0.8,5,0,10,4,3,Periodic,3.88,8,5.7856000000000005
0.8,5,0,10,4,3,RL,3.22,7,3.6516
0.8,5,0,10,4,3,Greedy,3.8,8,6.159999999999999
0.8,5,0,10,4,3,Periodic,3.88,8,5.7856000000000005
0.8,5,0,10,4,3,RL,2.02,5,1.9796000000000005
0.8,5,0,10,4,3,Greedy,3.8,8,6.159999999999999
0.8,5,0,10,4,3,Periodic,3.88,8,5.7856000000000005
0.8,5,0,10,4,3,RL,2.74,8,3.7524
0.8,5,0,10,4,3,Greedy,3.8,8,6.159999999999999
0.8,5,0,10,4,3,Periodic,3.88,8,5.7856000000000005
0.8,5,0,10,4,3,RL,2.62,7,3.5956000000000006
0.8,5,0,10,4,3,Greedy,3.8,8,6.159999999999999
0.8,5,0,10,4,3,Periodic,3.88,8,5.7856000000000005
0.8,5,0,10,4,3,RL,3.28,8,5.001599999999999
0.8,5,0,10,4,3,Greedy,3.8,8,6.159999999999999
0.8,5,0,10,4,3,Periodic,3.88,8,5.7856000000000005
0.8,5,0,10,4,3,RL,2.2,6,2.56
0.8,5,0,10,4,3,Greedy,3.8,8,6.159999999999999
0.8,5,0,10,4,3,Periodic,3.88,8,5.7856000000000005
0.8,5,0,10,4,3,RL,2.48,8,3.1696
0.8,5,0,10,4,3,Greedy,3.8,8,6.159999999999999
0.8,5,0,10,4,3,Periodic,3.88,8,5.7856000000000005
0.8,5,0,10,4,3,RL,3.64,9,6.590399999999999
0.8,5,0,10,4,3,Greedy,3.8,8,6.159999999999999
0.8,5,0,10,4,3,Periodic,3.88,8,5.7856000000000005
0.8,5,5,10,2,1,RL,2.96,12,8.078399999999998
0.8,5,5,10,2,1,Greedy,2.16,7,2.2144000000000004
0.8,5,5,10,2,1,Periodic,1.9,4,0.8899999999999999
0.8,5,5,10,2,1,RL,2.68,11,6.337600000000002
0.8,5,5,10,2,1,Greedy,1.68,4,1.0576
0.8,5,5,10,2,1,Periodic,1.9,4,0.8899999999999999
0.8,5,5,10,2,1,RL,1.56,3,0.5664000000000001
0.8,5,5,10,2,1,Greedy,2.14,8,2.7603999999999997
0.8,5,5,10,2,1,Periodic,1.9,4,0.8899999999999999
0.8,5,5,10,2,1,RL,2.84,7,2.8944000000000005
0.8,5,5,10,2,1,Greedy,1.7,4,1.05
0.8,5,5,10,2,1,Periodic,1.9,4,0.8899999999999999
0.8,5,5,10,2,1,RL,2.36,8,2.870400000000001
0.8,5,5,10,2,1,Greedy,1.96,6,1.7583999999999997
0.8,5,5,10,2,1,Periodic,1.9,4,0.8899999999999999
0.8,5,5,10,2,1,RL,2.14,8,2.7203999999999997
0.8,5,5,10,2,1,Greedy,1.7,4,1.05
0.8,5,5,10,2,1,Periodic,1.9,4,0.8899999999999999
0.8,5,5,10,2,1,RL,2.3,6,2.53
0.8,5,5,10,2,1,Greedy,1.76,5,1.2224000000000002
0.8,5,5,10,2,1,Periodic,1.9,4,0.8899999999999999
0.8,5,5,10,2,1,RL,2.12,7,1.9056000000000004
0.8,5,5,10,2,1,Greedy,2.02,6,1.8196000000000003
0.8,5,5,10,2,1,Periodic,1.98,4,0.9795999999999999
0.8,5,5,10,2,1,RL,3.36,15,15.230400000000005
0.8,5,5,10,2,1,Greedy,1.72,4,1.0416
0.8,5,5,10,2,1,Periodic,1.9,4,0.8899999999999999
0.8,5,5,10,2,1,RL,1.9,6,1.4100000000000004
0.8,5,5,10,2,1,Greedy,1.9,6,1.61
0.8,5,5,10,2,1,Periodic,1.9,4,0.8899999999999999
0.8,5,5,10,2,2,RL,2.04,7,1.9984
0.8,5,5,10,2,2,Greedy,2.2,6,2.56
0.8,5,5,10,2,2,Periodic,2.7,6,2.81
0.8,5,5,10,2,2,RL,1.82,5,1.0675999999999999
0.8,5,5,10,2,2,Greedy,2.16,6,2.2544000000000004
0.8,5,5,10,2,2,Periodic,2.7,6,2.81
0.8,5,5,10,2,2,RL,2.26,6,2.0324
0.8,5,5,10,2,2,Greedy,2.1,6,2.29
0.8,5,5,10,2,2,Periodic,2.7,6,2.81
0.8,5,5,10,2,2,RL,3.12,13,10.105599999999999
0.8,5,5,10,2,2,Greedy,2.0,5,2.0
0.8,5,5,10,2,2,Periodic,2.7,6,2.81
0.8,5,5,10,2,2,RL,1.98,5,1.4995999999999998
0.8,5,5,10,2,2,Greedy,2.0,5,2.0
0.8,5,5,10,2,2,Periodic,2.7,6,2.81
0.8,5,5,10,2,2,RL,2.24,5,1.6624
0.8,5,5,10,2,2,Greedy,2.22,7,2.7316000000000003
0.8,5,5,10,2,2,Periodic,2.7,6,2.81
0.8,5,5,10,2,2,RL,1.86,6,1.6003999999999998
0.8,5,5,10,2,2,Greedy,2.26,6,2.5124
0.8,5,5,10,2,2,Periodic,2.7,6,2.81
0.8,5,5,10,2,2,RL,1.82,4,0.8676
0.8,5,5,10,2,2,Greedy,2.0,5,2.0
0.8,5,5,10,2,2,Periodic,2.7,6,2.81
0.8,5,5,10,2,2,RL,1.9,6,1.33
0.8,5,5,10,2,2,Greedy,2.28,7,2.6815999999999995
0.8,5,5,10,2,2,Periodic,2.7,6,2.81
0.8,5,5,10,2,2,RL,3.14,14,12.2804
0.8,5,5,10,2,2,Greedy,2.0,5,2.0
0.8,5,5,10,2,2,Periodic,2.7,6,2.81
0.8,5,5,10,2,3,RL,2.16,6,2.0144
0.8,5,5,10,2,3,Greedy,1.9,7,1.81
0.8,5,5,10,2,3,Periodic,2.68,6,2.8575999999999997
0.8,5,5,10,2,3,RL,2.4,8,2.84
0.8,5,5,10,2,3,Greedy,1.78,6,1.2915999999999999
0.8,5,5,10,2,3,Periodic,2.68,6,2.8575999999999997
0.8,5,5,10,2,3,RL,1.78,6,1.2915999999999999
0.8,5,5,10,2,3,Greedy,1.78,6,1.2915999999999999
0.8,5,5,10,2,3,Periodic,2.68,6,2.8575999999999997
0.8,5,5,10,2,3,RL,2.16,8,2.5343999999999998
0.8,5,5,10,2,3,Greedy,1.84,6,1.3744000000000003
0.8,5,5,10,2,3,Periodic,2.68,6,2.8575999999999997
0.8,5,5,10,2,3,RL,2.1,7,2.37
0.8,5,5,10,2,3,Greedy,1.74,5,0.9524000000000001
0.8,5,5,10,2,3,Periodic,2.68,6,2.8575999999999997
0.8,5,5,10,2,3,RL,2.06,6,1.8564
0.8,5,5,10,2,3,Greedy,1.68,4,0.7376
0.8,5,5,10,2,3,Periodic,2.68,6,2.8575999999999997
0.8,5,5,10,2,3,RL,2.82,7,3.1475999999999997
0.8,5,5,10,2,3,Greedy,2.14,6,1.8803999999999996
0.8,5,5,10,2,3,Periodic,2.68,6,2.8575999999999997
0.8,5,5,10,2,3,RL,1.84,6,1.4144000000000005
0.8,5,5,10,2,3,Greedy,1.6,3,0.64
0.8,5,5,10,2,3,Periodic,2.68,6,2.8575999999999997
0.8,5,5,10,2,3,RL,1.64,4,0.7504000000000001
0.8,5,5,10,2,3,Greedy,1.6,3,0.64
0.8,5,5,10,2,3,Periodic,2.68,6,2.8575999999999997
0.8,5,5,10,2,3,RL,2.0,6,1.44
0.8,5,5,10,2,3,Greedy,1.6,3,0.64
0.8,5,5,10,2,3,Periodic,2.68,6,2.8575999999999997
0.8,5,5,10,4,1,RL,3.94,15,14.696399999999999
0.8,5,5,10,4,1,Greedy,2.5,6,3.25
0.8,5,5,10,4,1,Periodic,2.7,6,2.81
0.8,5,5,10,4,1,RL,2.16,5,1.8544000000000003
0.8,5,5,10,4,1,Greedy,2.76,8,4.1024
0.8,5,5,10,4,1,Periodic,2.7,6,2.81
0.8,5,5,10,4,1,RL,3.2,8,3.6799999999999993
0.8,5,5,10,4,1,Greedy,2.5,6,3.25
0.8,5,5,10,4,1,Periodic,2.7,6,2.81
0.8,5,5,10,4,1,RL,3.52,9,5.289599999999999
0.8,5,5,10,4,1,Greedy,2.5,6,3.25
0.8,5,5,10,4,1,Periodic,2.7,6,2.81
0.8,5,5,10,4,1,RL,2.4,6,2.64
0.8,5,5,10,4,1,Greedy,2.5,6,3.25
0.8,5,5,10,4,1,Periodic,2.7,6,2.81
0.8,5,5,10,4,1,RL,3.06,8,4.6564
0.8,5,5,10,4,1,Greedy,2.64,7,3.5504000000000002
0.8,5,5,10,4,1,Periodic,2.7,6,2.81
0.8,5,5,10,4,1,RL,3.34,10,5.4243999999999994
0.8,5,5,10,4,1,Greedy,2.5,6,3.25
0.8,5,5,10,4,1,Periodic,2.7,6,2.81
0.8,5,5,10,4,1,RL,2.54,7,3.5683999999999996
0.8,5,5,10,4,1,Greedy,2.54,6,3.1684
0.8,5,5,10,4,1,Periodic,2.7,6,2.81
0.8,5,5,10,4,1,RL,4.06,10,7.056400000000001
0.8,5,5,10,4,1,Greedy,2.5,6,3.25
0.8,5,5,10,4,1,Periodic,2.7,6,2.81
0.8,5,5,10,4,1,RL,3.04,10,5.678400000000002
0.8,5,5,10,4,1,Greedy,2.5,6,3.25
0.8,5,5,10,4,1,Periodic,2.7,6,2.81
0.8,5,5,10,4,2,RL,3.22,10,5.011599999999999
0.8,5,5,10,4,2,Greedy,3.1,7,4.69
0.8,5,5,10,4,2,Periodic,3.9,8,5.690000000000001
0.8,5,5,10,4,2,RL,3.82,15,14.6676
0.8,5,5,10,4,2,Greedy,3.1,7,4.69
0.8,5,5,10,4,2,Periodic,3.9,8,5.690000000000001
0.8,5,5,10,4,2,RL,2.72,8,3.561599999999999
0.8,5,5,10,4,2,Greedy,3.1,7,4.69
0.8,5,5,10,4,2,Periodic,3.9,8,5.690000000000001
0.8,5,5,10,4,2,RL,2.74,10,5.1124
0.8,5,5,10,4,2,Greedy,3.1,7,4.69
0.8,5,5,10,4,2,Periodic,3.9,8,5.690000000000001
0.8,5,5,10,4,2,RL,2.58,6,2.4436
0.8,5,5,10,4,2,Greedy,3.1,7,4.69
0.8,5,5,10,4,2,Periodic,3.9,8,5.690000000000001
0.8,5,5,10,4,2,RL,2.32,7,2.5776
0.8,5,5,10,4,2,Greedy,3.1,7,4.69
0.8,5,5,10,4,2,Periodic,3.9,8,5.690000000000001
0.8,5,5,10,4,2,RL,2.6,6,2.44
0.8,5,5,10,4,2,Greedy,3.1,7,4.69
0.8,5,5,10,4,2,Periodic,3.9,8,5.690000000000001
0.8,5,5,10,4,2,RL,3.3,9,5.33
0.8,5,5,10,4,2,Greedy,3.1,7,4.69
0.8,5,5,10,4,2,Periodic,3.9,8,5.690000000000001
0.8,5,5,10,4,2,RL,2.62,7,2.5956
0.8,5,5,10,4,2,Greedy,3.1,7,4.69
0.8,5,5,10,4,2,Periodic,3.9,8,5.690000000000001
0.8,5,5,10,4,2,RL,3.16,9,4.6544
0.8,5,5,10,4,2,Greedy,3.1,7,4.69
0.8,5,5,10,4,2,Periodic,3.9,8,5.690000000000001
0.8,5,5,10,4,3,RL,2.6,7,3.44
0.8,5,5,10,4,3,Greedy,3.8,8,6.159999999999999
0.8,5,5,10,4,3,Periodic,3.88,8,5.7856000000000005
0.8,5,5,10,4,3,RL,2.56,7,2.9664000000000006
0.8,5,5,10,4,3,Greedy,3.8,8,6.159999999999999
0.8,5,5,10,4,3,Periodic,3.88,8,5.7856000000000005
0.8,5,5,10,4,3,RL,2.94,8,4.416399999999999
0.8,5,5,10,4,3,Greedy,3.8,8,6.159999999999999
0.8,5,5,10,4,3,Periodic,3.88,8,5.7856000000000005
0.8,5,5,10,4,3,RL,3.2,9,5.000000000000001
0.8,5,5,10,4,3,Greedy,3.8,8,6.159999999999999
0.8,5,5,10,4,3,Periodic,3.88,8,5.7856000000000005
0.8,5,5,10,4,3,RL,2.2,6,2.56
0.8,5,5,10,4,3,Greedy,3.8,8,6.159999999999999
0.8,5,5,10,4,3,Periodic,3.88,8,5.7856000000000005
0.8,5,5,10,4,3,RL,2.36,6,2.7104000000000004
0.8,5,5,10,4,3,Greedy,3.8,8,6.159999999999999
0.8,5,5,10,4,3,Periodic,3.88,8,5.7856000000000005
0.8,5,5,10,4,3,RL,2.02,5,1.9796
0.8,5,5,10,4,3,Greedy,3.8,8,6.159999999999999
0.8,5,5,10,4,3,Periodic,3.88,8,5.7856000000000005
0.8,5,5,10,4,3,RL,2.94,9,4.5764
0.8,5,5,10,4,3,Greedy,3.8,8,6.159999999999999
0.8,5,5,10,4,3,Periodic,3.88,8,5.7856000000000005
0.8,5,5,10,4,3,RL,4.64,12,9.8304
0.8,5,5,10,4,3,Greedy,3.8,8,6.159999999999999
0.8,5,5,10,4,3,Periodic,3.88,8,5.7856000000000005
0.8,5,5,10,4,3,RL,3.28,9,5.441599999999999
0.8,5,5,10,4,3,Greedy,3.8,8,6.159999999999999
0.8,5,5,10,4,3,Periodic,3.88,8,5.7856000000000005
0.8,5,10,10,2,1,RL,2.86,10,5.0004
0.8,5,10,10,2,1,Greedy,3.06,9,5.2964
0.8,5,10,10,2,1,Periodic,2.3,8,2.49
0.8,5,10,10,2,1,RL,3.48,12,7.969599999999999
0.8,5,10,10,2,1,Greedy,3.18,10,6.467600000000001
0.8,5,10,10,2,1,Periodic,2.62,8,2.9156
0.8,5,10,10,2,1,RL,3.48,10,6.409599999999999
0.8,5,10,10,2,1,Greedy,4.08,14,12.633600000000001
0.8,5,10,10,2,1,Periodic,2.3,8,2.49
0.8,5,10,10,2,1,RL,3.16,7,3.2144000000000004
0.8,5,10,10,2,1,Greedy,3.4,10,6.679999999999999
0.8,5,10,10,2,1,Periodic,2.3,8,2.49
0.8,5,10,10,2,1,RL,2.86,12,7.6004
0.8,5,10,10,2,1,Greedy,3.22,9,5.8916
0.8,5,10,10,2,1,Periodic,2.46,8,2.8484
0.8,5,10,10,2,1,RL,2.7,8,2.73
0.8,5,10,10,2,1,Greedy,3.4,10,6.679999999999999
0.8,5,10,10,2,1,Periodic,2.3,8,2.49
0.8,5,10,10,2,1,RL,2.44,5,1.7664
0.8,5,10,10,2,1,Greedy,3.1,9,5.690000000000001
0.8,5,10,10,2,1,Periodic,2.46,8,2.8484
0.8,5,10,10,2,1,RL,3.42,11,7.523600000000001
0.8,5,10,10,2,1,Greedy,3.98,11,9.1796
0.8,5,10,10,2,1,Periodic,2.3,8,2.49
0.8,5,10,10,2,1,RL,2.62,6,2.2756
0.8,5,10,10,2,1,Greedy,4.08,14,12.633600000000001
0.8,5,10,10,2,1,Periodic,2.3,8,2.49
0.8,5,10,10,2,1,RL,2.58,6,1.8036
0.8,5,10,10,2,1,Greedy,3.42,10,6.603600000000001
0.8,5,10,10,2,1,Periodic,2.7,8,3.77
0.8,5,10,10,2,2,RL,6.1,21,35.73
0.8,5,10,10,2,2,Greedy,3.16,9,5.5744
0.8,5,10,10,2,2,Periodic,2.94,8,3.6164000000000005
0.8,5,10,10,2,2,RL,3.42,9,4.8836
0.8,5,10,10,2,2,Greedy,2.9,9,5.09
0.8,5,10,10,2,2,Periodic,2.94,8,3.6164000000000005
0.8,5,10,10,2,2,RL,3.28,10,6.3216
0.8,5,10,10,2,2,Greedy,3.08,9,4.9536
0.8,5,10,10,2,2,Periodic,2.94,8,3.6164000000000005
0.8,5,10,10,2,2,RL,3.68,13,9.377600000000003
0.8,5,10,10,2,2,Greedy,3.16,9,5.5744
0.8,5,10,10,2,2,Periodic,2.94,8,3.6164000000000005
0.8,5,10,10,2,2,RL,2.3,7,2.2500000000000004
0.8,5,10,10,2,2,Greedy,2.9,9,5.09
0.8,5,10,10,2,2,Periodic,2.94,8,3.6164000000000005
0.8,5,10,10,2,2,RL,3.2,10,6.2
0.8,5,10,10,2,2,Greedy,3.16,9,5.5744
0.8,5,10,10,2,2,Periodic,2.94,8,3.6164000000000005
0.8,5,10,10,2,2,RL,2.7,9,3.69
0.8,5,10,10,2,2,Greedy,3.24,9,5.5424
0.8,5,10,10,2,2,Periodic,2.94,8,3.6164000000000005
0.8,5,10,10,2,2,RL,3.06,9,5.6964
0.8,5,10,10,2,2,Greedy,3.34,10,6.3844
0.8,5,10,10,2,2,Periodic,2.94,8,3.6164000000000005
0.8,5,10,10,2,2,RL,3.06,9,4.6164
0.8,5,10,10,2,2,Greedy,3.1,9,5.649999999999999
0.8,5,10,10,2,2,Periodic,2.94,8,3.6164000000000005
0.8,5,10,10,2,2,RL,2.68,8,3.1776000000000004
0.8,5,10,10,2,2,Greedy,3.06,9,5.736400000000001
0.8,5,10,10,2,2,Periodic,2.94,8,3.6164000000000005
0.8,5,10,10,2,3,RL,3.12,10,5.9456
0.8,5,10,10,2,3,Greedy,3.16,10,7.334399999999999
0.8,5,10,10,2,3,Periodic,2.92,8,3.6735999999999995
0.8,5,10,10,2,3,RL,2.52,9,3.489600000000001
0.8,5,10,10,2,3,Greedy,3.0,10,6.4
0.8,5,10,10,2,3,Periodic,2.92,8,3.6735999999999995
0.8,5,10,10,2,3,RL,2.88,10,5.905599999999998
0.8,5,10,10,2,3,Greedy,3.0,10,6.4
0.8,5,10,10,2,3,Periodic,2.92,8,3.6735999999999995
0.8,5,10,10,2,3,RL,2.78,8,3.4515999999999996
0.8,5,10,10,2,3,Greedy,3.0,10,6.4
0.8,5,10,10,2,3,Periodic,2.92,8,3.6735999999999995
0.8,5,10,10,2,3,RL,2.66,8,4.0244
0.8,5,10,10,2,3,Greedy,2.88,10,5.6656
0.8,5,10,10,2,3,Periodic,3.16,8,4.3744
0.8,5,10,10,2,3,RL,3.0,10,6.4
0.8,5,10,10,2,3,Greedy,3.0,10,6.4
0.8,5,10,10,2,3,Periodic,2.92,8,3.6735999999999995
0.8,5,10,10,2,3,RL,3.24,10,5.8624
0.8,5,10,10,2,3,Greedy,2.84,10,5.734399999999999
0.8,5,10,10,2,3,Periodic,2.92,8,3.6735999999999995
0.8,5,10,10,2,3,RL,3.42,9,6.963599999999999
0.8,5,10,10,2,3,Greedy,3.18,10,7.2676000000000025
0.8,5,10,10,2,3,Periodic,2.92,8,3.6735999999999995
0.8,5,10,10,2,3,RL,3.38,11,6.6356
0.8,5,10,10,2,3,Greedy,2.98,10,6.459599999999998
0.8,5,10,10,2,3,Periodic,2.92,8,3.6735999999999995
0.8,5,10,10,2,3,RL,2.94,9,4.1364
0.8,5,10,10,2,3,Greedy,2.82,10,5.7876
0.8,5,10,10,2,3,Periodic,2.92,8,3.6735999999999995
0.8,5,10,10,4,1,RL,3.22,9,4.211600000000001
0.8,5,10,10,4,1,Greedy,3.2,9,5.36
0.8,5,10,10,4,1,Periodic,2.94,8,3.6164000000000005
0.8,5,10,10,4,1,RL,3.54,8,3.8084000000000002
0.8,5,10,10,4,1,Greedy,3.54,9,5.6084
0.8,5,10,10,4,1,Periodic,2.94,8,3.6164000000000005
0.8,5,10,10,4,1,RL,2.94,7,2.7763999999999998
0.8,5,10,10,4,1,Greedy,3.1,9,4.89
0.8,5,10,10,4,1,Periodic,2.94,8,3.6164000000000005
0.8,5,10,10,4,1,RL,3.22,10,4.731599999999999
0.8,5,10,10,4,1,Greedy,3.24,9,5.262399999999999
0.8,5,10,10,4,1,Periodic,2.94,8,3.6164000000000005
0.8,5,10,10,4,1,RL,3.3,8,3.6500000000000004
0.8,5,10,10,4,1,Greedy,3.24,9,5.262399999999999
0.8,5,10,10,4,1,Periodic,2.94,8,3.6164000000000005
0.8,5,10,10,4,1,RL,3.6,10,5.040000000000001
0.8,5,10,10,4,1,Greedy,3.1,9,4.89
0.8,5,10,10,4,1,Periodic,2.94,8,3.6164000000000005
0.8,5,10,10,4,1,RL,3.52,10,6.2496
0.8,5,10,10,4,1,Greedy,3.3,9,5.17
0.8,5,10,10,4,1,Periodic,2.94,8,3.6164000000000005
0.8,5,10,10,4,1,RL,3.8,9,5.6
0.8,5,10,10,4,1,Greedy,3.46,9,5.688400000000001
0.8,5,10,10,4,1,Periodic,2.94,8,3.6164000000000005
0.8,5,10,10,4,1,RL,3.46,9,4.9284
0.8,5,10,10,4,1,Greedy,3.2,9,5.36
0.8,5,10,10,4,1,Periodic,3.18,8,4.307600000000001
0.8,5,10,10,4,1,RL,2.74,7,3.0324
0.8,5,10,10,4,1,Greedy,3.24,9,5.262399999999999
0.8,5,10,10,4,1,Periodic,2.94,8,3.6164000000000005
0.8,5,10,10,4,2,RL,2.86,9,4.2004
0.8,5,10,10,4,2,Greedy,3.42,9,5.5236
0.8,5,10,10,4,2,Periodic,3.9,8,5.690000000000001
0.8,5,10,10,4,2,RL,2.78,7,2.7316
0.8,5,10,10,4,2,Greedy,3.4,9,5.6
0.8,5,10,10,4,2,Periodic,3.9,8,5.690000000000001
0.8,5,10,10,4,2,RL,3.58,10,6.3236
0.8,5,10,10,4,2,Greedy,3.6,9,5.6800000000000015
0.8,5,10,10,4,2,Periodic,3.9,8,5.690000000000001
0.8,5,10,10,4,2,RL,2.58,8,3.3236000000000003
0.8,5,10,10,4,2,Greedy,3.54,9,5.888399999999999
0.8,5,10,10,4,2,Periodic,3.9,8,5.690000000000001
0.8,5,10,10,4,2,RL,3.22,9,4.2916
0.8,5,10,10,4,2,Greedy,3.42,9,5.5236
0.8,5,10,10,4,2,Periodic,3.9,8,5.690000000000001
0.8,5,10,10,4,2,RL,2.98,7,3.4996000000000005
0.8,5,10,10,4,2,Greedy,3.76,9,6.1024
0.8,5,10,10,4,2,Periodic,3.9,8,5.690000000000001
0.8,5,10,10,4,2,RL,2.72,8,3.6816000000000004
0.8,5,10,10,4,2,Greedy,3.54,9,5.888399999999999
0.8,5,10,10,4,2,Periodic,3.9,8,5.690000000000001
0.8,5,10,10,4,2,RL,2.82,7,3.7076
0.8,5,10,10,4,2,Greedy,3.54,9,5.888399999999999
0.8,5,10,10,4,2,Periodic,3.9,8,5.690000000000001
0.8,5,10,10,4,2,RL,3.38,10,5.7956
0.8,5,10,10,4,2,Greedy,3.54,9,5.888399999999999
0.8,5,10,10,4,2,Periodic,3.9,8,5.690000000000001
0.8,5,10,10,4,2,RL,2.86,8,3.4404000000000003
0.8,5,10,10,4,2,Greedy,3.4,9,5.6
0.8,5,10,10,4,2,Periodic,3.9,8,5.690000000000001
0.8,5,10,10,4,3,RL,2.88,7,3.4656000000000002
0.8,5,10,10,4,3,Greedy,3.96,9,6.518399999999999
0.8,5,10,10,4,3,Periodic,3.88,8,5.7856000000000005
0.8,5,10,10,4,3,RL,2.92,8,4.313599999999999
0.8,5,10,10,4,3,Greedy,3.96,9,6.518399999999999
0.8,5,10,10,4,3,Periodic,3.88,8,5.7856000000000005
0.8,5,10,10,4,3,RL,3.0,9,4.08
0.8,5,10,10,4,3,Greedy,3.96,9,6.518399999999999
0.8,5,10,10,4,3,Periodic,3.88,8,5.7856000000000005
0.8,5,10,10,4,3,RL,3.22,11,6.531600000000001
0.8,5,10,10,4,3,Greedy,3.96,9,6.518399999999999
0.8,5,10,10,4,3,Periodic,3.88,8,5.7856000000000005
0.8,5,10,10,4,3,RL,3.48,11,6.8096
0.8,5,10,10,4,3,Greedy,3.96,9,6.518399999999999
0.8,5,10,10,4,3,Periodic,3.88,8,5.7856000000000005
0.8,5,10,10,4,3,RL,3.22,8,4.4516
0.8,5,10,10,4,3,Greedy,4.12,9,6.8256
0.8,5,10,10,4,3,Periodic,3.88,8,5.7856000000000005
0.8,5,10,10,4,3,RL,3.08,9,4.7536
0.8,5,10,10,4,3,Greedy,4.12,9,6.8256
0.8,5,10,10,4,3,Periodic,3.88,8,5.7856000000000005
0.8,5,10,10,4,3,RL,3.24,9,5.1824
0.8,5,10,10,4,3,Greedy,3.96,9,6.518399999999999
0.8,5,10,10,4,3,Periodic,3.88,8,5.7856000000000005
0.8,5,10,10,4,3,RL,3.36,9,4.510400000000001
0.8,5,10,10,4,3,Greedy,4.12,9,6.8256
0.8,5,10,10,4,3,Periodic,3.88,8,5.7856000000000005
0.8,5,10,10,4,3,RL,3.12,9,5.5455999999999985
0.8,5,10,10,4,3,Greedy,3.96,9,6.518399999999999
0.8,5,10,10,4,3,Periodic,3.88,8,5.7856000000000005
0.8,7,0,10,2,1,RL,1.96,9,3.5584000000000002
0.8,7,0,10,2,1,Greedy,1.6,4,1.04
0.8,7,0,10,2,1,Periodic,1.9,4,0.8899999999999999
0.8,7,0,10,2,1,RL,2.44,9,3.4063999999999997
0.8,7,0,10,2,1,Greedy,1.6,4,1.04
0.8,7,0,10,2,1,Periodic,1.9,4,0.8899999999999999
0.8,7,0,10,2,1,RL,1.44,4,0.6863999999999999
0.8,7,0,10,2,1,Greedy,1.6,4,1.04
0.8,7,0,10,2,1,Periodic,1.9,4,0.8899999999999999
0.8,7,0,10,2,1,RL,2.18,5,1.1076000000000001
0.8,7,0,10,2,1,Greedy,1.6,4,1.04
0.8,7,0,10,2,1,Periodic,1.9,4,0.8899999999999999
0.8,7,0,10,2,1,RL,1.98,5,1.0595999999999999
0.8,7,0,10,2,1,Greedy,1.6,4,1.04
0.8,7,0,10,2,1,Periodic,1.9,4,0.8899999999999999
0.8,7,0,10,2,1,RL,1.56,4,0.6864
0.8,7,0,10,2,1,Greedy,1.6,4,1.04
0.8,7,0,10,2,1,Periodic,1.9,4,0.8899999999999999
0.8,7,0,10,2,1,RL,1.98,5,1.2595999999999998
0.8,7,0,10,2,1,Greedy,1.6,4,1.04
0.8,7,0,10,2,1,Periodic,1.9,4,0.8899999999999999
0.8,7,0,10,2,1,RL,1.92,5,1.1136
0.8,7,0,10,2,1,Greedy,1.6,4,1.04
0.8,7,0,10,2,1,Periodic,1.9,4,0.8899999999999999
0.8,7,0,10,2,1,RL,2.86,8,5.320400000000002
0.8,7,0,10,2,1,Greedy,1.6,4,1.04
0.8,7,0,10,2,1,Periodic,1.9,4,0.8899999999999999
0.8,7,0,10,2,1,RL,2.14,7,2.2004
0.8,7,0,10,2,1,Greedy,1.6,4,1.04
0.8,7,0,10,2,1,Periodic,1.9,4,0.8899999999999999
0.8,7,0,10,2,2,RL,1.72,6,1.4016
0.8,7,0,10,2,2,Greedy,2.0,5,2.0
0.8,7,0,10,2,2,Periodic,2.7,6,2.81
0.8,7,0,10,2,2,RL,1.88,4,1.2256
0.8,7,0,10,2,2,Greedy,2.0,5,2.0
0.8,7,0,10,2,2,Periodic,2.7,6,2.81
0.8,7,0,10,2,2,RL,1.64,3,0.6304
0.8,7,0,10,2,2,Greedy,2.0,5,2.0
0.8,7,0,10,2,2,Periodic,2.7,6,2.81
0.8,7,0,10,2,2,RL,1.74,5,1.1924
0.8,7,0,10,2,2,Greedy,2.0,5,2.0
0.8,7,0,10,2,2,Periodic,2.7,6,2.81
0.8,7,0,10,2,2,RL,3.14,10,4.920399999999999
0.8,7,0,10,2,2,Greedy,2.0,5,2.0
0.8,7,0,10,2,2,Periodic,2.7,6,2.81
0.8,7,0,10,2,2,RL,1.7,5,1.2499999999999998
0.8,7,0,10,2,2,Greedy,2.0,5,2.0
0.8,7,0,10,2,2,Periodic,2.7,6,2.81
0.8,7,0,10,2,2,RL,2.66,8,4.4243999999999994
0.8,7,0,10,2,2,Greedy,2.0,5,2.0
0.8,7,0,10,2,2,Periodic,2.7,6,2.81
0.8,7,0,10,2,2,RL,1.86,5,1.2803999999999995
0.8,7,0,10,2,2,Greedy,2.0,5,2.0
0.8,7,0,10,2,2,Periodic,2.7,6,2.81
0.8,7,0,10,2,2,RL,1.56,4,0.6864000000000001
0.8,7,0,10,2,2,Greedy,2.0,5,2.0
0.8,7,0,10,2,2,Periodic,2.7,6,2.81
0.8,7,0,10,2,2,RL,2.0,6,1.48
0.8,7,0,10,2,2,Greedy,2.0,5,2.0
0.8,7,0,10,2,2,Periodic,2.7,6,2.81
0.8,7,0,10,2,3,RL,2.4,7,2.7200000000000006
0.8,7,0,10,2,3,Greedy,1.6,3,0.64
0.8,7,0,10,2,3,Periodic,2.68,6,2.8575999999999997
0.8,7,0,10,2,3,RL,2.82,9,3.8676
0.8,7,0,10,2,3,Greedy,1.6,3,0.64
0.8,7,0,10,2,3,Periodic,2.68,6,2.8575999999999997
0.8,7,0,10,2,3,RL,1.54,5,0.8084
0.8,7,0,10,2,3,Greedy,1.6,3,0.64
0.8,7,0,10,2,3,Periodic,2.68,6,2.8575999999999997
0.8,7,0,10,2,3,RL,2.32,8,3.4576
0.8,7,0,10,2,3,Greedy,1.6,3,0.64
0.8,7,0,10,2,3,Periodic,2.68,6,2.8575999999999997
0.8,7,0,10,2,3,RL,1.64,4,0.9103999999999999
0.8,7,0,10,2,3,Greedy,1.6,3,0.64
0.8,7,0,10,2,3,Periodic,2.68,6,2.8575999999999997
0.8,7,0,10,2,3,RL,3.48,9,6.849600000000001
0.8,7,0,10,2,3,Greedy,1.6,3,0.64
0.8,7,0,10,2,3,Periodic,2.68,6,2.8575999999999997
0.8,7,0,10,2,3,RL,1.42,3,0.44360000000000005
0.8,7,0,10,2,3,Greedy,1.6,3,0.64
0.8,7,0,10,2,3,Periodic,2.68,6,2.8575999999999997
0.8,7,0,10,2,3,RL,2.08,4,1.2335999999999998
0.8,7,0,10,2,3,Greedy,1.6,3,0.64
0.8,7,0,10,2,3,Periodic,2.68,6,2.8575999999999997
0.8,7,0,10,2,3,RL,2.04,6,1.8384
0.8,7,0,10,2,3,Greedy,1.6,3,0.64
0.8,7,0,10,2,3,Periodic,2.68,6,2.8575999999999997
0.8,7,0,10,2,3,RL,2.84,9,3.8944
0.8,7,0,10,2,3,Greedy,1.6,3,0.64
0.8,7,0,10,2,3,Periodic,2.68,6,2.8575999999999997
0.8,7,0,10,4,1,RL,2.46,8,3.568399999999999
0.8,7,0,10,4,1,Greedy,2.5,6,3.25
0.8,7,0,10,4,1,Periodic,2.7,6,2.81
0.8,7,0,10,4,1,RL,2.76,8,4.1024
0.8,7,0,10,4,1,Greedy,2.5,6,3.25
0.8,7,0,10,4,1,Periodic,2.7,6,2.81
0.8,7,0,10,4,1,RL,4.84,10,8.6944
0.8,7,0,10,4,1,Greedy,2.5,6,3.25
0.8,7,0,10,4,1,Periodic,2.7,6,2.81
0.8,7,0,10,4,1,RL,2.66,7,2.9043999999999994
0.8,7,0,10,4,1,Greedy,2.5,6,3.25
0.8,7,0,10,4,1,Periodic,2.7,6,2.81
0.8,7,0,10,4,1,RL,4.26,9,5.832399999999999
0.8,7,0,10,4,1,Greedy,2.5,6,3.25
0.8,7,0,10,4,1,Periodic,2.7,6,2.81
0.8,7,0,10,4,1,RL,4.12,11,6.545599999999999
0.8,7,0,10,4,1,Greedy,2.5,6,3.25
0.8,7,0,10,4,1,Periodic,2.7,6,2.81
0.8,7,0,10,4,1,RL,2.04,5,1.9583999999999997
0.8,7,0,10,4,1,Greedy,2.5,6,3.25
0.8,7,0,10,4,1,Periodic,2.7,6,2.81
0.8,7,0,10,4,1,RL,2.5,6,3.25
0.8,7,0,10,4,1,Greedy,2.5,6,3.25
0.8,7,0,10,4,1,Periodic,2.7,6,2.81
0.8,7,0,10,4,1,RL,2.0,5,2.0
0.8,7,0,10,4,1,Greedy,2.5,6,3.25
0.8,7,0,10,4,1,Periodic,2.7,6,2.81
0.8,7,0,10,4,1,RL,2.12,5,1.9456000000000002
0.8,7,0,10,4,1,Greedy,2.5,6,3.25
0.8,7,0,10,4,1,Periodic,2.7,6,2.81
0.8,7,0,10,4,2,RL,2.42,6,2.6036
0.8,7,0,10,4,2,Greedy,3.1,7,4.69
0.8,7,0,10,4,2,Periodic,3.9,8,5.690000000000001
0.8,7,0,10,4,2,RL,2.1,6,2.29
0.8,7,0,10,4,2,Greedy,3.1,7,4.69
0.8,7,0,10,4,2,Periodic,3.9,8,5.690000000000001
0.8,7,0,10,4,2,RL,2.04,5,1.9583999999999997
0.8,7,0,10,4,2,Greedy,3.1,7,4.69
0.8,7,0,10,4,2,Periodic,3.9,8,5.690000000000001
0.8,7,0,10,4,2,RL,2.5,6,2.25
0.8,7,0,10,4,2,Greedy,3.1,7,4.69
0.8,7,0,10,4,2,Periodic,3.9,8,5.690000000000001
0.8,7,0,10,4,2,RL,2.32,7,2.9776
0.8,7,0,10,4,2,Greedy,3.1,7,4.69
0.8,7,0,10,4,2,Periodic,3.9,8,5.690000000000001
0.8,7,0,10,4,2,RL,2.76,6,2.5824000000000003
0.8,7,0,10,4,2,Greedy,3.1,7,4.69
0.8,7,0,10,4,2,Periodic,3.9,8,5.690000000000001
0.8,7,0,10,4,2,RL,2.96,7,4.118399999999999
0.8,7,0,10,4,2,Greedy,3.1,7,4.69
0.8,7,0,10,4,2,Periodic,3.9,8,5.690000000000001
0.8,7,0,10,4,2,RL,3.72,9,5.481599999999999
0.8,7,0,10,4,2,Greedy,3.1,7,4.69
0.8,7,0,10,4,2,Periodic,3.9,8,5.690000000000001
0.8,7,0,10,4,2,RL,2.78,6,2.7716
0.8,7,0,10,4,2,Greedy,3.1,7,4.69
0.8,7,0,10,4,2,Periodic,3.9,8,5.690000000000001
0.8,7,0,10,4,2,RL,2.36,6,2.0704
0.8,7,0,10,4,2,Greedy,3.1,7,4.69
0.8,7,0,10,4,2,Periodic,3.9,8,5.690000000000001
0.8,7,0,10,4,3,RL,2.6,6,3.04
0.8,7,0,10,4,3,Greedy,3.8,8,6.159999999999999
0.8,7,0,10,4,3,Periodic,3.88,8,5.7856000000000005
0.8,7,0,10,4,3,RL,2.24,6,2.5023999999999997
0.8,7,0,10,4,3,Greedy,3.8,8,6.159999999999999
0.8,7,0,10,4,3,Periodic,3.88,8,5.7856000000000005
0.8,7,0,10,4,3,RL,2.48,7,3.1296000000000004
0.8,7,0,10,4,3,Greedy,3.8,8,6.159999999999999
0.8,7,0,10,4,3,Periodic,3.88,8,5.7856000000000005
0.8,7,0,10,4,3,RL,2.48,6,2.5296
0.8,7,0,10,4,3,Greedy,3.8,8,6.159999999999999
0.8,7,0,10,4,3,Periodic,3.88,8,5.7856000000000005
0.8,7,0,10,4,3,RL,3.08,8,4.5136
0.8,7,0,10,4,3,Greedy,3.8,8,6.159999999999999
0.8,7,0,10,4,3,Periodic,3.88,8,5.7856000000000005
0.8,7,0,10,4,3,RL,2.34,5,1.9444
0.8,7,0,10,4,3,Greedy,3.8,8,6.159999999999999
0.8,7,0,10,4,3,Periodic,3.88,8,5.7856000000000005
0.8,7,0,10,4,3,RL,3.88,10,7.305599999999999
0.8,7,0,10,4,3,Greedy,3.8,8,6.159999999999999
0.8,7,0,10,4,3,Periodic,3.88,8,5.7856000000000005
0.8,7,0,10,4,3,RL,2.1,5,1.89
0.8,7,0,10,4,3,Greedy,3.8,8,6.159999999999999
0.8,7,0,10,4,3,Periodic,3.88,8,5.7856000000000005
0.8,7,0,10,4,3,RL,2.08,5,1.9135999999999995
0.8,7,0,10,4,3,Greedy,3.8,8,6.159999999999999
0.8,7,0,10,4,3,Periodic,3.88,8,5.7856000000000005
0.8,7,0,10,4,3,RL,2.66,7,3.9043999999999994
0.8,7,0,10,4,3,Greedy,3.8,8,6.159999999999999
0.8,7,0,10,4,3,Periodic,3.88,8,5.7856000000000005
0.8,7,5,10,2,1,RL,2.56,8,2.7664
0.8,7,5,10,2,1,Greedy,1.76,5,1.2624
0.8,7,5,10,2,1,Periodic,1.9,4,0.8899999999999999
0.8,7,5,10,2,1,RL,2.2,5,1.88
0.8,7,5,10,2,1,Greedy,1.92,5,1.4336000000000002
0.8,7,5,10,2,1,Periodic,1.9,4,0.8899999999999999
0.8,7,5,10,2,1,RL,2.34,5,1.4644
0.8,7,5,10,2,1,Greedy,2.12,7,2.1856
0.8,7,5,10,2,1,Periodic,1.9,4,0.8899999999999999
0.8,7,5,10,2,1,RL,1.8,6,1.36
0.8,7,5,10,2,1,Greedy,1.74,4,1.0724
0.8,7,5,10,2,1,Periodic,1.9,4,0.8899999999999999
0.8,7,5,10,2,1,RL,2.06,5,1.8563999999999998
0.8,7,5,10,2,1,Greedy,2.16,5,1.8944000000000003
0.8,7,5,10,2,1,Periodic,1.9,4,0.8899999999999999
0.8,7,5,10,2,1,RL,2.38,9,3.835600000000001
0.8,7,5,10,2,1,Greedy,1.96,7,2.0784
0.8,7,5,10,2,1,Periodic,1.9,4,0.8899999999999999
0.8,7,5,10,2,1,RL,1.98,7,2.0195999999999996
0.8,7,5,10,2,1,Greedy,1.68,5,1.2576000000000005
0.8,7,5,10,2,1,Periodic,1.9,4,0.8899999999999999
0.8,7,5,10,2,1,RL,2.12,7,2.3456
0.8,7,5,10,2,1,Greedy,1.72,4,1.0416
0.8,7,5,10,2,1,Periodic,1.9,4,0.8899999999999999
0.8,7,5,10,2,1,RL,2.38,8,2.9956000000000005
0.8,7,5,10,2,1,Greedy,1.74,4,1.0724
0.8,7,5,10,2,1,Periodic,1.9,4,0.8899999999999999
0.8,7,5,10,2,1,RL,2.04,6,1.6784000000000001
0.8,7,5,10,2,1,Greedy,1.92,7,2.1136
0.8,7,5,10,2,1,Periodic,1.9,4,0.8899999999999999
0.8,7,5,10,2,2,RL,2.68,7,2.817599999999999
0.8,7,5,10,2,2,Greedy,2.74,9,4.6724
0.8,7,5,10,2,2,Periodic,2.7,6,2.81
0.8,7,5,10,2,2,RL,2.14,5,1.4803999999999997
0.8,7,5,10,2,2,Greedy,2.0,5,2.0
0.8,7,5,10,2,2,Periodic,2.7,6,2.81
0.8,7,5,10,2,2,RL,1.88,6,1.6656
0.8,7,5,10,2,2,Greedy,2.0,5,2.0
0.8,7,5,10,2,2,Periodic,2.7,6,2.81
0.8,7,5,10,2,2,RL,1.82,5,1.2675999999999998
0.8,7,5,10,2,2,Greedy,2.0,5,2.0
0.8,7,5,10,2,2,Periodic,2.7,6,2.81
0.8,7,5,10,2,2,RL,2.22,7,2.2116
0.8,7,5,10,2,2,Greedy,2.1,6,2.29
0.8,7,5,10,2,2,Periodic,2.7,6,2.81
0.8,7,5,10,2,2,RL,1.88,6,1.5856000000000001
0.8,7,5,10,2,2,Greedy,2.16,6,2.2544000000000004
0.8,7,5,10,2,2,Periodic,2.7,6,2.81
0.8,7,5,10,2,2,RL,2.44,7,2.8064000000000004
0.8,7,5,10,2,2,Greedy,2.0,5,2.0
0.8,7,5,10,2,2,Periodic,2.7,6,2.81
0.8,7,5,10,2,2,RL,2.0,6,1.44
0.8,7,5,10,2,2,Greedy,2.0,5,2.0
0.8,7,5,10,2,2,Periodic,2.7,6,2.81
0.8,7,5,10,2,2,RL,2.22,9,3.6515999999999993
0.8,7,5,10,2,2,Greedy,2.0,5,2.0
0.8,7,5,10,2,2,Periodic,2.7,6,2.81
0.8,7,5,10,2,2,RL,4.48,18,24.4096
0.8,7,5,10,2,2,Greedy,2.1,6,2.29
0.8,7,5,10,2,2,Periodic,2.7,6,2.81
0.8,7,5,10,2,3,RL,2.56,6,2.4463999999999997
0.8,7,5,10,2,3,Greedy,1.78,6,1.2915999999999999
0.8,7,5,10,2,3,Periodic,2.68,6,2.8575999999999997
0.8,7,5,10,2,3,RL,3.12,9,5.545599999999999
0.8,7,5,10,2,3,Greedy,1.9,6,1.37
0.8,7,5,10,2,3,Periodic,2.68,6,2.8575999999999997
0.8,7,5,10,2,3,RL,1.78,6,1.3316
0.8,7,5,10,2,3,Greedy,1.6,3,0.64
0.8,7,5,10,2,3,Periodic,2.68,6,2.8575999999999997
0.8,7,5,10,2,3,RL,2.62,7,2.1956
0.8,7,5,10,2,3,Greedy,2.2,9,3.44
0.8,7,5,10,2,3,Periodic,2.68,6,2.8575999999999997
0.8,7,5,10,2,3,RL,3.06,9,4.5363999999999995
0.8,7,5,10,2,3,Greedy,1.78,6,1.2915999999999999
0.8,7,5,10,2,3,Periodic,2.68,6,2.8575999999999997
0.8,7,5,10,2,3,RL,1.82,6,1.3475999999999997
0.8,7,5,10,2,3,Greedy,1.6,3,0.64
0.8,7,5,10,2,3,Periodic,2.68,6,2.8575999999999997
0.8,7,5,10,2,3,RL,1.92,5,1.2336
0.8,7,5,10,2,3,Greedy,1.6,3,0.64
0.8,7,5,10,2,3,Periodic,2.68,6,2.8575999999999997
0.8,7,5,10,2,3,RL,2.2,7,2.24
0.8,7,5,10,2,3,Greedy,1.6,3,0.64
0.8,7,5,10,2,3,Periodic,2.68,6,2.8575999999999997
0.8,7,5,10,2,3,RL,2.32,10,4.6975999999999996
0.8,7,5,10,2,3,Greedy,1.6,3,0.64
0.8,7,5,10,2,3,Periodic,2.68,6,2.8575999999999997
0.8,7,5,10,2,3,RL,1.56,5,0.8064
0.8,7,5,10,2,3,Greedy,1.74,5,0.9524000000000001
0.8,7,5,10,2,3,Periodic,2.68,6,2.8575999999999997
0.8,7,5,10,4,1,RL,2.24,6,2.1024
0.8,7,5,10,4,1,Greedy,2.5,6,3.25
0.8,7,5,10,4,1,Periodic,2.7,6,2.81
0.8,7,5,10,4,1,RL,2.72,8,3.8416
0.8,7,5,10,4,1,Greedy,2.5,6,3.25
0.8,7,5,10,4,1,Periodic,2.7,6,2.81
0.8,7,5,10,4,1,RL,2.74,7,2.5924
0.8,7,5,10,4,1,Greedy,2.5,6,3.25
0.8,7,5,10,4,1,Periodic,2.7,6,2.81
0.8,7,5,10,4,1,RL,3.74,10,5.6724
0.8,7,5,10,4,1,Greedy,2.56,6,3.1664000000000003
0.8,7,5,10,4,1,Periodic,2.7,6,2.81
0.8,7,5,10,4,1,RL,2.68,8,4.0976
0.8,7,5,10,4,1,Greedy,2.5,6,3.25
0.8,7,5,10,4,1,Periodic,2.7,6,2.81
0.8,7,5,10,4,1,RL,3.06,8,3.8564
0.8,7,5,10,4,1,Greedy,2.5,6,3.25
0.8,7,5,10,4,1,Periodic,2.7,6,2.81
0.8,7,5,10,4,1,RL,2.88,7,4.3456
0.8,7,5,10,4,1,Greedy,2.5,6,3.25
0.8,7,5,10,4,1,Periodic,2.7,6,2.81
0.8,7,5,10,4,1,RL,2.02,5,1.9796000000000005
0.8,7,5,10,4,1,Greedy,2.5,6,3.25
0.8,7,5,10,4,1,Periodic,2.7,6,2.81
0.8,7,5,10,4,1,RL,2.18,5,1.9875999999999998
0.8,7,5,10,4,1,Greedy,2.5,6,3.25
0.8,7,5,10,4,1,Periodic,2.7,6,2.81
0.8,7,5,10,4,1,RL,3.06,8,3.1763999999999997
0.8,7,5,10,4,1,Greedy,2.5,6,3.25
0.8,7,5,10,4,1,Periodic,2.7,6,2.81
0.8,7,5,10,4,2,RL,2.78,7,4.0116
0.8,7,5,10,4,2,Greedy,3.1,7,4.69
0.8,7,5,10,4,2,Periodic,3.9,8,5.690000000000001
0.8,7,5,10,4,2,RL,2.54,7,2.6883999999999997
0.8,7,5,10,4,2,Greedy,3.1,7,4.69
0.8,7,5,10,4,2,Periodic,3.9,8,5.690000000000001
0.8,7,5,10,4,2,RL,2.74,8,3.7524
0.8,7,5,10,4,2,Greedy,3.1,7,4.69
0.8,7,5,10,4,2,Periodic,3.9,8,5.690000000000001
0.8,7,5,10,4,2,RL,2.76,9,4.4224
0.8,7,5,10,4,2,Greedy,3.1,7,4.69
0.8,7,5,10,4,2,Periodic,3.9,8,5.690000000000001
0.8,7,5,10,4,2,RL,3.46,9,5.2084
0.8,7,5,10,4,2,Greedy,3.1,7,4.69
0.8,7,5,10,4,2,Periodic,3.9,8,5.690000000000001
0.8,7,5,10,4,2,RL,3.58,10,7.1236
0.8,7,5,10,4,2,Greedy,3.1,7,4.69
0.8,7,5,10,4,2,Periodic,3.9,8,5.690000000000001
0.8,7,5,10,4,2,RL,2.18,6,2.2276
0.8,7,5,10,4,2,Greedy,3.1,7,4.69
0.8,7,5,10,4,2,Periodic,3.9,8,5.690000000000001
0.8,7,5,10,4,2,RL,2.26,6,2.1524
0.8,7,5,10,4,2,Greedy,3.1,7,4.69
0.8,7,5,10,4,2,Periodic,3.9,8,5.690000000000001
0.8,7,5,10,4,2,RL,2.66,8,2.9844
0.8,7,5,10,4,2,Greedy,3.1,7,4.69
0.8,7,5,10,4,2,Periodic,3.9,8,5.690000000000001
0.8,7,5,10,4,2,RL,3.26,10,5.112399999999999
0.8,7,5,10,4,2,Greedy,3.1,7,4.69
0.8,7,5,10,4,2,Periodic,3.9,8,5.690000000000001
0.8,7,5,10,4,3,RL,5.08,18,23.1536
0.8,7,5,10,4,3,Greedy,3.8,8,6.159999999999999
0.8,7,5,10,4,3,Periodic,3.88,8,5.7856000000000005
0.8,7,5,10,4,3,RL,3.22,8,4.9716000000000005
0.8,7,5,10,4,3,Greedy,3.8,8,6.159999999999999
0.8,7,5,10,4,3,Periodic,3.88,8,5.7856000000000005
0.8,7,5,10,4,3,RL,2.24,6,2.2624
0.8,7,5,10,4,3,Greedy,3.8,8,6.159999999999999
0.8,7,5,10,4,3,Periodic,3.88,8,5.7856000000000005
0.8,7,5,10,4,3,RL,2.7,9,4.210000000000001
0.8,7,5,10,4,3,Greedy,3.8,8,6.159999999999999
0.8,7,5,10,4,3,Periodic,3.88,8,5.7856000000000005
0.8,7,5,10,4,3,RL,3.34,8,5.384399999999999
0.8,7,5,10,4,3,Greedy,3.8,8,6.159999999999999
0.8,7,5,10,4,3,Periodic,3.88,8,5.7856000000000005
0.8,7,5,10,4,3,RL,2.24,7,2.7023999999999995
0.8,7,5,10,4,3,Greedy,3.8,8,6.159999999999999
0.8,7,5,10,4,3,Periodic,3.88,8,5.7856000000000005
0.8,7,5,10,4,3,RL,2.54,8,3.4484
0.8,7,5,10,4,3,Greedy,3.8,8,6.159999999999999
0.8,7,5,10,4,3,Periodic,3.88,8,5.7856000000000005
0.8,7,5,10,4,3,RL,4.94,18,22.856399999999997
0.8,7,5,10,4,3,Greedy,3.8,8,6.159999999999999
0.8,7,5,10,4,3,Periodic,3.88,8,5.7856000000000005
0.8,7,5,10,4,3,RL,3.26,9,5.8724
0.8,7,5,10,4,3,Greedy,3.8,8,6.159999999999999
0.8,7,5,10,4,3,Periodic,3.88,8,5.7856000000000005
0.8,7,5,10,4,3,RL,3.46,8,5.768400000000001
0.8,7,5,10,4,3,Greedy,3.8,8,6.159999999999999
0.8,7,5,10,4,3,Periodic,3.88,8,5.7856000000000005
0.8,7,10,10,2,1,RL,2.32,6,1.8976000000000002
0.8,7,10,10,2,1,Greedy,3.12,10,5.9456
0.8,7,10,10,2,1,Periodic,2.06,6,1.3764
0.8,7,10,10,2,1,RL,2.62,8,3.4756
0.8,7,10,10,2,1,Greedy,3.28,10,6.0016
0.8,7,10,10,2,1,Periodic,2.78,10,4.6916
0.8,7,10,10,2,1,RL,2.94,10,6.136400000000001
0.8,7,10,10,2,1,Greedy,3.34,10,6.024399999999999
0.8,7,10,10,2,1,Periodic,2.46,8,2.8484
0.8,7,10,10,2,1,RL,2.54,9,3.4484
0.8,7,10,10,2,1,Greedy,3.14,10,5.8804
0.8,7,10,10,2,1,Periodic,2.22,6,1.8115999999999999
0.8,7,10,10,2,1,RL,2.22,5,1.2915999999999999
0.8,7,10,10,2,1,Greedy,3.82,11,8.827599999999999
0.8,7,10,10,2,1,Periodic,2.06,6,1.3764
0.8,7,10,10,2,1,RL,2.22,6,1.5316
0.8,7,10,10,2,1,Greedy,3.06,9,5.296399999999998
0.8,7,10,10,2,1,Periodic,2.38,6,1.9555999999999998
0.8,7,10,10,2,1,RL,2.28,6,1.6016
0.8,7,10,10,2,1,Greedy,3.0,8,4.6
0.8,7,10,10,2,1,Periodic,2.22,6,1.8115999999999999
0.8,7,10,10,2,1,RL,2.68,8,4.017600000000001
0.8,7,10,10,2,1,Greedy,2.84,9,4.9344
0.8,7,10,10,2,1,Periodic,2.06,6,1.3764
0.8,7,10,10,2,1,RL,2.44,7,2.8464
0.8,7,10,10,2,1,Greedy,2.92,8,4.5936
0.8,7,10,10,2,1,Periodic,2.78,10,4.6916
0.8,7,10,10,2,1,RL,2.94,10,4.9764
0.8,7,10,10,2,1,Greedy,3.08,10,5.7136000000000005
0.8,7,10,10,2,1,Periodic,2.06,6,1.3764
0.8,7,10,10,2,2,RL,2.68,8,3.0576
0.8,7,10,10,2,2,Greedy,2.92,8,4.3136
0.8,7,10,10,2,2,Periodic,2.7,6,2.81
0.8,7,10,10,2,2,RL,2.64,7,2.6703999999999994
0.8,7,10,10,2,2,Greedy,3.22,10,5.9716
0.8,7,10,10,2,2,Periodic,2.7,6,2.81
0.8,7,10,10,2,2,RL,3.24,9,4.6624
0.8,7,10,10,2,2,Greedy,2.9,8,4.169999999999999
0.8,7,10,10,2,2,Periodic,2.7,6,2.81
0.8,7,10,10,2,2,RL,2.34,6,1.9444
0.8,7,10,10,2,2,Greedy,3.08,9,4.953599999999999
0.8,7,10,10,2,2,Periodic,2.7,6,2.81
0.8,7,10,10,2,2,RL,2.42,6,1.8436000000000001
0.8,7,10,10,2,2,Greedy,4.12,15,14.6656
0.8,7,10,10,2,2,Periodic,2.7,6,2.81
0.8,7,10,10,2,2,RL,3.3,11,6.770000000000001
0.8,7,10,10,2,2,Greedy,3.48,10,5.969600000000001
0.8,7,10,10,2,2,Periodic,2.7,6,2.81
0.8,7,10,10,2,2,RL,2.32,7,2.1376
0.8,7,10,10,2,2,Greedy,4.12,15,14.6656
0.8,7,10,10,2,2,Periodic,2.7,6,2.81
0.8,7,10,10,2,2,RL,6.44,22,39.846399999999996
0.8,7,10,10,2,2,Greedy,2.7,8,3.81
0.8,7,10,10,2,2,Periodic,2.7,6,2.81
0.8,7,10,10,2,2,RL,2.4,8,3.04
0.8,7,10,10,2,2,Greedy,2.94,9,5.016400000000001
0.8,7,10,10,2,2,Periodic,2.7,6,2.81
0.8,7,10,10,2,2,RL,2.88,9,5.0256
0.8,7,10,10,2,2,Greedy,2.84,8,4.2943999999999996
0.8,7,10,10,2,2,Periodic,2.7,6,2.81
0.8,7,10,10,2,3,RL,5.32,19,26.777599999999996
0.8,7,10,10,2,3,Greedy,2.56,9,4.166399999999999
0.8,7,10,10,2,3,Periodic,2.68,6,2.8575999999999997
0.8,7,10,10,2,3,RL,2.54,9,3.6483999999999996
0.8,7,10,10,2,3,Greedy,4.36,16,17.9904
0.8,7,10,10,2,3,Periodic,2.68,6,2.8575999999999997
0.8,7,10,10,2,3,RL,2.3,7,2.9299999999999993
0.8,7,10,10,2,3,Greedy,2.98,10,6.459599999999998
0.8,7,10,10,2,3,Periodic,2.68,6,2.8575999999999997
0.8,7,10,10,2,3,RL,2.5,8,3.53
0.8,7,10,10,2,3,Greedy,3.0,10,6.4
0.8,7,10,10,2,3,Periodic,2.68,6,2.8575999999999997
0.8,7,10,10,2,3,RL,3.18,10,5.1476
0.8,7,10,10,2,3,Greedy,2.7,9,4.69
0.8,7,10,10,2,3,Periodic,2.68,6,2.8575999999999997
0.8,7,10,10,2,3,RL,3.24,9,5.7424
0.8,7,10,10,2,3,Greedy,2.64,9,4.7904
0.8,7,10,10,2,3,Periodic,2.68,6,2.8575999999999997
0.8,7,10,10,2,3,RL,2.78,10,4.811599999999999
0.8,7,10,10,2,3,Greedy,2.86,9,5.400400000000001
0.8,7,10,10,2,3,Periodic,2.68,6,2.8575999999999997
0.8,7,10,10,2,3,RL,3.82,14,12.547599999999996
0.8,7,10,10,2,3,Greedy,2.66,9,4.7444
0.8,7,10,10,2,3,Periodic,2.68,6,2.8575999999999997
0.8,7,10,10,2,3,RL,2.38,5,1.7956000000000003
0.8,7,10,10,2,3,Greedy,2.82,9,5.467599999999999
0.8,7,10,10,2,3,Periodic,2.68,6,2.8575999999999997
0.8,7,10,10,2,3,RL,2.58,8,3.2436000000000003
0.8,7,10,10,2,3,Greedy,2.7,9,4.69
0.8,7,10,10,2,3,Periodic,2.68,6,2.8575999999999997
0.8,7,10,10,4,1,RL,3.38,9,4.2756
0.8,7,10,10,4,1,Greedy,2.78,8,4.0516
0.8,7,10,10,4,1,Periodic,2.7,6,2.81
0.8,7,10,10,4,1,RL,2.98,7,3.4995999999999996
0.8,7,10,10,4,1,Greedy,2.78,8,4.0516
0.8,7,10,10,4,1,Periodic,2.7,6,2.81
0.8,7,10,10,4,1,RL,3.74,10,5.6724
0.8,7,10,10,4,1,Greedy,3.42,10,6.043599999999999
0.8,7,10,10,4,1,Periodic,2.7,6,2.81
0.8,7,10,10,4,1,RL,2.36,5,1.9904
0.8,7,10,10,4,1,Greedy,3.38,10,6.155600000000001
0.8,7,10,10,4,1,Periodic,2.7,6,2.81
0.8,7,10,10,4,1,RL,2.92,9,3.8736
0.8,7,10,10,4,1,Greedy,2.78,8,4.0516
0.8,7,10,10,4,1,Periodic,2.7,6,2.81
0.8,7,10,10,4,1,RL,2.9,7,2.6100000000000008
0.8,7,10,10,4,1,Greedy,3.34,8,4.7444
0.8,7,10,10,4,1,Periodic,2.7,6,2.81
0.8,7,10,10,4,1,RL,2.86,6,2.3604
0.8,7,10,10,4,1,Greedy,3.0,8,4.2
0.8,7,10,10,4,1,Periodic,2.7,6,2.81
0.8,7,10,10,4,1,RL,3.0,9,4.96
0.8,7,10,10,4,1,Greedy,2.9,8,4.33
0.8,7,10,10,4,1,Periodic,2.7,6,2.81
0.8,7,10,10,4,1,RL,3.34,9,4.5443999999999996
0.8,7,10,10,4,1,Greedy,2.78,8,4.0516
0.8,7,10,10,4,1,Periodic,2.7,6,2.81
0.8,7,10,10,4,1,RL,2.88,6,2.5056000000000003
0.8,7,10,10,4,1,Greedy,4.04,12,8.6784
0.8,7,10,10,4,1,Periodic,2.7,6,2.81
0.8,7,10,10,4,2,RL,2.88,6,2.5056
0.8,7,10,10,4,2,Greedy,3.24,8,5.062399999999999
0.8,7,10,10,4,2,Periodic,3.9,8,5.690000000000001
0.8,7,10,10,4,2,RL,2.82,8,3.7876
0.8,7,10,10,4,2,Greedy,3.24,8,5.062399999999999
0.8,7,10,10,4,2,Periodic,3.9,8,5.690000000000001
0.8,7,10,10,4,2,RL,2.82,7,3.5876
0.8,7,10,10,4,2,Greedy,3.24,8,5.062399999999999
0.8,7,10,10,4,2,Periodic,3.9,8,5.690000000000001
0.8,7,10,10,4,2,RL,2.9,8,3.41
0.8,7,10,10,4,2,Greedy,3.24,8,5.062399999999999
0.8,7,10,10,4,2,Periodic,3.9,8,5.690000000000001
0.8,7,10,10,4,2,RL,2.92,9,4.433599999999999
0.8,7,10,10,4,2,Greedy,3.24,8,5.062399999999999
0.8,7,10,10,4,2,Periodic,3.9,8,5.690000000000001
0.8,7,10,10,4,2,RL,2.64,6,2.9504000000000006
0.8,7,10,10,4,2,Greedy,3.24,8,5.062399999999999
0.8,7,10,10,4,2,Periodic,3.9,8,5.690000000000001
0.8,7,10,10,4,2,RL,3.08,8,4.1136
0.8,7,10,10,4,2,Greedy,3.24,8,5.062399999999999
0.8,7,10,10,4,2,Periodic,3.9,8,5.690000000000001
0.8,7,10,10,4,2,RL,3.22,9,5.1316
0.8,7,10,10,4,2,Greedy,3.26,8,4.9924
0.8,7,10,10,4,2,Periodic,3.9,8,5.690000000000001
0.8,7,10,10,4,2,RL,2.92,9,3.5936000000000003
0.8,7,10,10,4,2,Greedy,3.24,8,5.062399999999999
0.8,7,10,10,4,2,Periodic,3.9,8,5.690000000000001
0.8,7,10,10,4,2,RL,3.62,12,7.9956000000000005
0.8,7,10,10,4,2,Greedy,3.24,8,5.062399999999999
0.8,7,10,10,4,2,Periodic,3.9,8,5.690000000000001
0.8,7,10,10,4,3,RL,3.44,11,7.646400000000001
0.8,7,10,10,4,3,Greedy,3.8,8,6.159999999999999
0.8,7,10,10,4,3,Periodic,3.88,8,5.7856000000000005
0.8,7,10,10,4,3,RL,2.88,8,3.7456
0.8,7,10,10,4,3,Greedy,3.8,8,6.159999999999999
0.8,7,10,10,4,3,Periodic,3.88,8,5.7856000000000005
0.8,7,10,10,4,3,RL,3.0,8,4.28
0.8,7,10,10,4,3,Greedy,3.8,8,6.159999999999999
0.8,7,10,10,4,3,Periodic,3.88,8,5.7856000000000005
0.8,7,10,10,4,3,RL,2.78,8,4.2916
0.8,7,10,10,4,3,Greedy,3.8,8,6.159999999999999
0.8,7,10,10,4,3,Periodic,3.88,8,5.7856000000000005
0.8,7,10,10,4,3,RL,2.76,6,2.8224
0.8,7,10,10,4,3,Greedy,3.8,8,6.159999999999999
0.8,7,10,10,4,3,Periodic,3.88,8,5.7856000000000005
0.8,7,10,10,4,3,RL,3.06,9,4.7764
0.8,7,10,10,4,3,Greedy,3.8,8,6.159999999999999
0.8,7,10,10,4,3,Periodic,3.88,8,5.7856000000000005
0.8,7,10,10,4,3,RL,4.98,18,22.5796
0.8,7,10,10,4,3,Greedy,3.8,8,6.159999999999999
0.8,7,10,10,4,3,Periodic,3.88,8,5.7856000000000005
0.8,7,10,10,4,3,RL,2.94,8,3.8564
0.8,7,10,10,4,3,Greedy,3.8,8,6.159999999999999
0.8,7,10,10,4,3,Periodic,3.88,8,5.7856000000000005
0.8,7,10,10,4,3,RL,3.22,8,4.8915999999999995
0.8,7,10,10,4,3,Greedy,3.8,8,6.159999999999999
0.8,7,10,10,4,3,Periodic,3.88,8,5.7856000000000005
0.8,7,10,10,4,3,RL,3.38,10,6.515600000000001
0.8,7,10,10,4,3,Greedy,3.8,8,6.159999999999999
0.8,7,10,10,4,3,Periodic,3.88,8,5.7856000000000005
